time,ir,red,spo2,hr,temp

13:50:29.382,101641,0,0,0,0
13:50:29.516,101633,0,0,0,0
13:50:29.549,101650,0,0,0,0
13:50:29.585,101626,0,0,0,0
13:50:29.643,101632,0,0,0,0
13:50:29.675,101638,0,0,0,0
13:50:29.707,101699,0,0,0,0
13:50:29.766,101690,0,0,0,0
13:50:29.796,101708,0,0,0,0
13:50:29.821,101641,0,0,0,0
13:50:29.876,101676,0,0,0,0
13:50:29.901,101677,0,0,0,0
13:50:29.927,101617,0,0,0,0
13:50:29.982,101530,0,0,0,0
13:50:30.007,101561,0,0,0,0
13:50:30.032,101569,0,0,0,0
13:50:30.080,101540,0,0,0,0
13:50:30.107,101570,0,0,0,0
13:50:30.132,101599,0,0,0,0
13:50:30.156,101499,0,0,0,0
13:50:30.207,101422,0,0,0,0
13:50:30.232,101353,0,0,0,0
13:50:30.258,101345,0,0,0,0
13:50:30.308,101359,0,0,0,0
13:50:30.334,101367,0,0,0,0
13:50:30.358,101366,0,0,0,0
13:50:30.406,101358,0,0,0,0
13:50:30.433,101363,0,0,0,0
13:50:30.459,101362,0,0,0,0
13:50:30.508,101382,0,0,0,0
13:50:30.533,101392,0,0,0,0
13:50:30.559,101399,0,0,0,0
13:50:30.609,101387,0,0,0,0
13:50:30.635,101394,0,0,0,0
13:50:30.659,101402,0,0,0,0
13:50:30.684,101431,0,0,0,0
13:50:30.732,101450,0,0,0,0
13:50:30.758,101477,0,0,0,0
13:50:30.782,101497,0,0,0,0
13:50:30.807,101513,0,0,0,0
13:50:30.855,101614,0,0,0,0
13:50:30.881,101556,0,0,0,0
13:50:30.905,101557,0,0,0,0
13:50:30.932,101639,0,0,0,0
13:50:30.982,101595,0,0,0,0
13:50:31.008,101527,0,0,0,0
13:50:31.031,101555,0,0,0,0
13:50:31.057,101630,0,0,0,0
13:50:31.107,101636,0,0,0,0
13:50:31.134,101676,0,0,0,0
13:50:31.159,101651,0,0,0,0
13:50:31.212,101677,0,0,0,0
13:50:31.235,101698,0,0,0,0
13:50:31.261,101718,0,0,0,0
13:50:31.284,101724,0,0,0,0
13:50:31.334,101662,0,0,0,0
13:50:31.357,101760,0,0,0,0
13:50:31.384,101775,0,0,0,0
13:50:31.408,101783,0,0,0,0
13:50:31.460,101769,0,0,0,0
13:50:31.484,101752,0,0,0,0
13:50:31.511,101842,0,0,0,0
13:50:31.559,101728,0,0,0,0
13:50:31.587,101775,0,0,0,0
13:50:31.610,101691,0,0,0,0
13:50:31.661,101592,0,0,0,0
13:50:31.685,101608,0,0,0,0
13:50:31.713,101612,0,0,0,0
13:50:31.736,101644,0,0,0,0
13:50:31.833,101646,0,0,0,0
13:50:31.867,101701,0,0,0,0
13:50:31.888,101592,0,0,0,0
13:50:31.933,101521,0,0,0,0
13:50:31.958,101534,0,0,0,0
13:50:31.980,101621,0,0,0,0
13:50:32.004,101597,0,0,0,0
13:50:32.051,101607,0,0,0,0
13:50:32.080,101639,0,0,0,0
13:50:32.106,101643,0,0,0,0
13:50:32.154,101644,0,0,0,0
13:50:32.180,101661,0,0,0,0
13:50:32.204,101637,0,0,0,0
13:50:32.231,101640,0,0,0,0
13:50:32.283,101663,0,0,0,0
13:50:32.306,101643,0,0,0,0
13:50:32.329,101678,0,0,0,0
13:50:32.356,101685,0,0,0,0
13:50:32.402,101680,0,0,0,0
13:50:32.425,101710,0,0,0,0
13:50:32.450,101709,0,0,0,0
13:50:32.475,101717,0,0,0,0
13:50:32.518,101785,0,0,0,0
13:50:32.545,101749,0,0,0,0
13:50:32.566,101727,0,0,0,0
13:50:32.591,101780,0,0,0,0
13:50:32.634,101783,0,0,0,0
13:50:32.659,101776,0,0,0,0
13:50:32.680,101759,0,0,0,0
13:50:32.704,101770,0,0,0,0
13:50:32.752,101790,0,0,0,0
13:50:32.775,101778,0,0,0,0
13:50:32.798,101769,0,0,0,0
13:50:32.822,101774,0,0,0,0
13:50:32.871,101741,0,0,0,0
13:50:32.894,101699,0,0,0,0
13:50:32.918,101710,0,0,0,0
13:50:32.941,101705,0,0,0,0
13:50:32.985,101631,0,0,0,0
13:50:33.012,101565,0,0,0,0
13:50:33.036,101519,0,0,0,0
13:50:33.061,101521,0,0,0,0
13:50:33.108,101535,0,0,0,0
13:50:33.133,101507,0,0,0,0
13:50:33.155,101535,0,0,0,0
13:50:33.179,101479,0,0,0,0
13:50:33.223,101467,0,0,0,0
13:50:33.245,101469,0,0,0,0
13:50:33.268,101444,0,0,0,0
13:50:33.292,101454,0,0,0,0
13:50:33.337,101469,0,0,0,0
13:50:33.359,101551,0,0,0,0
13:50:33.383,101502,0,0,0,0
13:50:33.405,101493,0,0,0,0
13:50:33.448,101514,0,0,0,0
13:50:33.473,101524,0,0,0,0
13:50:33.495,101534,0,0,0,0
13:50:33.520,101551,0,0,0,0
13:50:33.563,101588,0,0,0,0
13:50:33.587,101596,0,0,0,0
13:50:33.609,101601,0,0,0,0
13:50:33.634,101706,0,0,0,0
13:50:33.680,101699,0,0,0,0
13:50:33.702,101729,0,0,0,0
13:50:33.726,101736,0,0,0,0
13:50:33.748,101661,0,0,0,0
13:50:33.795,101654,0,0,0,0
13:50:33.817,101600,0,0,0,0
13:50:33.841,101610,0,0,0,0
13:50:33.863,101608,0,0,0,0
13:50:33.920,101597,0,0,0,0
13:50:33.955,101572,0,0,0,0
13:50:33.976,101578,0,0,0,0
13:50:34.028,101665,0,0,0,0
13:50:34.050,101619,0,0,0,0
13:50:34.074,101591,0,0,0,0
13:50:34.095,101711,0,0,0,0
13:50:34.139,101615,0,0,0,0
13:50:34.164,101578,0,0,0,0
13:50:34.185,101653,0,0,0,0
13:50:34.209,101652,0,0,0,0
13:50:34.253,101619,0,0,0,0
13:50:34.277,101670,0,0,0,0
13:50:34.299,101683,0,0,0,0
13:50:34.322,101676,0,0,0,0
13:50:34.365,101719,0,0,0,0
13:50:34.386,101710,0,0,0,0
13:50:34.409,101727,0,0,0,0
13:50:34.430,101732,0,0,0,0
13:50:34.474,101686,0,0,0,0
13:50:34.497,101739,0,0,0,0
13:50:34.520,101776,0,0,0,0
13:50:34.541,101783,0,0,0,0
13:50:34.584,101802,0,0,0,0
13:50:34.607,101814,0,0,0,0
13:50:34.628,101822,0,0,0,0
13:50:34.651,101858,0,0,0,0
13:50:34.694,101861,0,0,0,0
13:50:34.716,101888,0,0,0,0
13:50:34.739,101908,0,0,0,0
13:50:34.762,101912,0,0,0,0
13:50:34.807,101923,0,0,0,0
13:50:34.828,101913,0,0,0,0
13:50:34.851,101916,0,0,0,0
13:50:34.872,101824,0,0,0,0
13:50:34.916,101833,0,0,0,0
13:50:34.940,101889,0,0,0,0
13:50:34.963,101920,0,0,0,0
13:50:34.986,101698,0,0,0,0
13:50:35.029,101746,0,0,0,0
13:50:35.053,101726,0,0,0,0
13:50:35.074,101733,0,0,0,0
13:50:35.097,101748,0,0,0,0
13:50:35.142,101769,0,0,0,0
13:50:35.164,101742,0,0,0,0
13:50:35.187,101778,0,0,0,0
13:50:35.211,101774,0,0,0,0
13:50:35.255,101740,0,0,0,0
13:50:35.277,101741,0,0,0,0
13:50:35.302,101737,0,0,0,0
13:50:35.325,101758,0,0,0,0
13:50:35.371,101796,0,0,0,0
13:50:35.395,101815,0,0,0,0
13:50:35.417,101662,0,0,0,0
13:50:35.442,101750,0,0,0,0
13:50:35.491,101765,0,0,0,0
13:50:35.529,101741,0,0,0,0
13:50:35.552,101758,0,0,0,0
13:50:35.604,101746,0,0,0,0
13:50:35.629,101764,0,0,0,0
13:50:35.652,101750,0,0,0,0
13:50:35.676,101755,0,0,0,0
13:50:35.721,101722,0,0,0,0
13:50:35.745,101741,0,0,0,0
13:50:35.767,101749,0,0,0,0
13:50:35.791,101733,0,0,0,0
13:50:35.835,101751,0,0,0,0
13:50:35.857,101745,0,0,0,0
13:50:35.881,101740,0,0,0,0
13:50:35.903,101719,0,0,0,0
13:50:35.951,101703,0,0,0,0
13:50:35.973,101712,0,0,0,0
13:50:35.996,101719,0,0,0,0
13:50:36.018,101676,0,0,0,0
13:50:36.063,101580,0,0,0,0
13:50:36.087,101517,0,0,0,0
13:50:36.108,101478,0,0,0,0
13:50:36.133,101491,0,0,0,0
13:50:36.177,101499,0,0,0,0
13:50:36.201,101511,0,0,0,0
13:50:36.222,101499,0,0,0,0
13:50:36.246,101500,0,0,0,0
13:50:36.290,101574,0,0,0,0
13:50:36.311,101572,0,0,0,0
13:50:36.335,101570,0,0,0,0
13:50:36.357,101418,0,0,0,0
13:50:36.401,101441,0,0,0,0
13:50:36.425,101565,0,0,0,0
13:50:36.448,101577,0,0,0,0
13:50:36.469,101594,0,0,0,0
13:50:36.512,101638,0,0,0,0
13:50:36.536,101678,0,0,0,0
13:50:36.557,101690,0,0,0,0
13:50:36.581,101704,0,0,0,0
13:50:36.623,101703,0,0,0,0
13:50:36.644,101737,0,0,0,0
13:50:36.667,101765,0,0,0,0
13:50:36.690,101776,0,0,0,0
13:50:36.734,101793,0,0,0,0
13:50:36.755,101798,0,0,0,0
13:50:36.786,101812,0,0,0,0
13:50:36.857,101841,0,0,0,0
13:50:36.879,101843,0,0,0,0
13:50:36.902,101863,0,0,0,0
13:50:36.946,101869,0,0,0,0
13:50:36.969,101894,0,0,0,0
13:50:36.990,101877,0,0,0,0
13:50:37.013,101877,0,0,0,0
13:50:37.057,101900,0,0,0,0
13:50:37.078,101917,0,0,0,0
13:50:37.102,101850,0,0,0,0
13:50:37.123,101780,0,0,0,0
13:50:37.168,101758,0,0,0,0
13:50:37.189,101790,0,0,0,0
13:50:37.212,101808,0,0,0,0
13:50:37.233,101865,0,0,0,0
13:50:37.276,101752,0,0,0,0
13:50:37.299,101724,0,0,0,0
13:50:37.320,101633,0,0,0,0
13:50:37.343,101698,0,0,0,0
13:50:37.386,101705,0,0,0,0
13:50:37.409,101708,0,0,0,0
13:50:37.431,101687,0,0,0,0
13:50:37.454,101673,0,0,0,0
13:50:37.498,101671,0,0,0,0
13:50:37.519,101669,0,0,0,0
13:50:37.541,101689,0,0,0,0
13:50:37.563,101689,0,0,0,0
13:50:37.610,101708,0,0,0,0
13:50:37.632,101732,0,0,0,0
13:50:37.655,101697,0,0,0,0
13:50:37.676,101704,0,0,0,0
13:50:37.719,101716,0,0,0,0
13:50:37.743,101723,0,0,0,0
13:50:37.764,101711,0,0,0,0
13:50:37.786,101691,0,0,0,0
13:50:37.850,101711,0,0,0,0
13:50:37.886,101751,0,0,0,0
13:50:37.950,101744,0,0,0,0
13:50:37.972,101756,0,0,0,0
13:50:37.995,101748,0,0,0,0
13:50:38.017,101725,0,0,0,0
13:50:38.062,101748,0,0,0,0
13:50:38.086,101785,0,0,0,0
13:50:38.108,101810,0,0,0,0
13:50:38.133,101808,0,0,0,0
13:50:38.176,101870,0,0,0,0
13:50:38.201,101928,0,0,0,0
13:50:38.223,101943,0,0,0,0
13:50:38.247,101893,0,0,0,0
13:50:38.294,101867,0,0,0,0
13:50:38.317,101906,0,0,0,0
13:50:38.340,101973,0,0,0,0
13:50:38.361,101931,0,0,0,0
13:50:38.407,101910,0,0,0,0
13:50:38.428,101930,0,0,0,0
13:50:38.452,101920,0,0,0,0
13:50:38.474,101813,0,0,0,0
13:50:38.519,101739,0,0,0,0
13:50:38.544,101748,0,0,0,0
13:50:38.569,101753,0,0,0,0
13:50:38.636,101734,0,0,0,0
13:50:38.660,101660,0,0,0,0
13:50:38.681,101629,0,0,0,0
13:50:38.706,101643,0,0,0,0
13:50:38.749,101633,0,0,0,0
13:50:38.771,101647,0,0,0,0
13:50:38.794,101658,0,0,0,0
13:50:38.816,101636,0,0,0,0
13:50:38.862,101666,0,0,0,0
13:50:38.884,101626,0,0,0,0
13:50:38.907,101610,0,0,0,0
13:50:38.928,101569,0,0,0,0
13:50:38.972,101558,0,0,0,0
13:50:38.995,101558,0,0,0,0
13:50:39.017,101553,0,0,0,0
13:50:39.085,101536,0,0,0,0
13:50:39.123,101561,0,0,0,0
13:50:39.147,101558,0,0,0,0
13:50:39.192,101624,0,0,0,0
13:50:39.214,101660,0,0,0,0
13:50:39.238,101657,0,0,0,0
13:50:39.260,101528,0,0,0,0
13:50:39.305,101540,0,0,0,0
13:50:39.329,101593,0,0,0,0
13:50:39.351,101595,0,0,0,0
13:50:39.375,101558,0,0,0,0
13:50:39.420,101519,0,0,0,0
13:50:39.444,101502,0,0,0,0
13:50:39.465,101497,0,0,0,0
13:50:39.489,101542,0,0,0,0
13:50:39.532,101593,0,0,0,0
13:50:39.553,101621,0,0,0,0
13:50:39.576,101701,0,0,0,0
13:50:39.599,101766,0,0,0,0
13:50:39.643,101760,0,0,0,0
13:50:39.664,101764,0,0,0,0
13:50:39.688,101750,0,0,0,0
13:50:39.710,101742,0,0,0,0
13:50:39.753,101780,0,0,0,0
13:50:39.776,101774,0,0,0,0
13:50:39.797,101770,0,0,0,0
13:50:39.820,101750,0,0,0,0
13:50:39.863,101739,0,0,0,0
13:50:39.886,101742,0,0,0,0
13:50:39.907,101739,0,0,0,0
13:50:39.930,101745,0,0,0,0
13:50:39.973,101761,0,0,0,0
13:50:39.995,101783,0,0,0,0
13:50:40.033,101785,0,0,0,0
13:50:40.113,101803,0,0,0,0
13:50:40.136,101863,0,0,0,0
13:50:40.158,101926,0,0,0,0
13:50:40.202,101909,0,0,0,0
13:50:40.225,101898,0,0,0,0
13:50:40.246,101852,0,0,0,0
13:50:40.268,101985,0,0,0,0
13:50:40.311,102022,0,0,0,0
13:50:40.333,102023,0,0,0,0
13:50:40.356,101967,0,0,0,0
13:50:40.379,101910,0,0,0,0
13:50:40.422,101905,0,0,0,0
13:50:40.443,101823,0,0,0,0
13:50:40.466,101804,0,0,0,0
13:50:40.487,101773,0,0,0,0
13:50:40.531,101746,0,0,0,0
13:50:40.554,101706,0,0,0,0
13:50:40.577,101694,0,0,0,0
13:50:40.598,101672,0,0,0,0
13:50:40.641,101656,0,0,0,0
13:50:40.665,101638,0,0,0,0
13:50:40.686,101623,0,0,0,0
13:50:40.709,101617,0,0,0,0
13:50:40.752,101615,0,0,0,0
13:50:40.774,101631,0,0,0,0
13:50:40.797,101648,0,0,0,0
13:50:40.821,101652,0,0,0,0
13:50:40.865,101638,0,0,0,0
13:50:40.886,101613,0,0,0,0
13:50:40.921,101636,0,0,0,0
13:50:41.011,101645,0,0,0,0
13:50:41.032,101643,0,0,0,0
13:50:41.055,101657,0,0,0,0
13:50:41.099,101643,0,0,0,0
13:50:41.123,101734,0,0,0,0
13:50:41.144,101747,0,0,0,0
13:50:41.167,101651,0,0,0,0
13:50:41.211,101686,0,0,0,0
13:50:41.232,101558,0,0,0,0
13:50:41.255,101661,0,0,0,0
13:50:41.277,101669,0,0,0,0
13:50:41.320,101660,0,0,0,0
13:50:41.343,101688,0,0,0,0
13:50:41.366,101710,0,0,0,0
13:50:41.387,101720,0,0,0,0
13:50:41.430,101698,0,0,0,0
13:50:41.453,101666,0,0,0,0
13:50:41.475,101675,0,0,0,0
13:50:41.498,101681,0,0,0,0
13:50:41.542,101692,0,0,0,0
13:50:41.563,101699,0,0,0,0
13:50:41.585,101716,0,0,0,0
13:50:41.609,101700,0,0,0,0
13:50:41.652,101693,0,0,0,0
13:50:41.673,101719,0,0,0,0
13:50:41.696,101722,0,0,0,0
13:50:41.717,101767,0,0,0,0
13:50:41.760,101752,0,0,0,0
13:50:41.808,101767,0,0,0,0
13:50:41.881,101756,0,0,0,0
13:50:41.905,101768,0,0,0,0
13:50:41.926,101785,0,0,0,0
13:50:41.949,101786,0,0,0,0
13:50:41.993,101803,0,0,0,0
13:50:42.014,101802,0,0,0,0
13:50:42.037,101809,0,0,0,0
13:50:42.058,101818,0,0,0,0
13:50:42.103,101916,0,0,0,0
13:50:42.124,101944,0,0,0,0
13:50:42.147,101877,0,0,0,0
13:50:42.168,101838,0,0,0,0
13:50:42.210,101750,0,0,0,0
13:50:42.233,101866,0,0,0,0
13:50:42.255,101875,0,0,0,0
13:50:42.278,101890,0,0,0,0
13:50:42.322,101885,0,0,0,0
13:50:42.345,101893,0,0,0,0
13:50:42.366,101914,0,0,0,0
13:50:42.389,101927,0,0,0,0
13:50:42.432,101935,0,0,0,0
13:50:42.454,101958,0,0,0,0
13:50:42.477,101951,0,0,0,0
13:50:42.498,101952,0,0,0,0
13:50:42.542,101976,0,0,0,0
13:50:42.565,101960,0,0,0,0
13:50:42.592,101979,0,0,0,0
13:50:42.682,101990,0,0,0,0
13:50:42.704,101996,0,0,0,0
13:50:42.728,102025,0,0,0,0
13:50:42.770,102036,0,0,0,0
13:50:42.791,102049,0,0,0,0
13:50:42.814,102050,0,0,0,0
13:50:42.838,102047,0,0,0,0
13:50:42.882,102076,0,0,0,0
13:50:42.903,102074,0,0,0,0
13:50:42.926,102076,0,0,0,0
13:50:42.947,102083,0,0,0,0
13:50:42.992,102096,0,0,0,0
13:50:43.015,102106,0,0,0,0
13:50:43.036,102157,0,0,0,0
13:50:43.059,102218,0,0,0,0
13:50:43.103,102223,0,0,0,0
13:50:43.128,102149,0,0,0,0
13:50:43.150,102025,0,0,0,0
13:50:43.173,101974,0,0,0,0
13:50:43.217,102043,0,0,0,0
13:50:43.239,102098,0,0,0,0
13:50:43.263,102116,0,0,0,0
13:50:43.284,102083,0,0,0,0
13:50:43.332,101968,0,0,0,0
13:50:43.355,101951,0,0,0,0
13:50:43.378,101941,0,0,0,0
13:50:43.399,101941,0,0,0,0
13:50:43.473,101941,0,0,0,0
13:50:43.512,101926,0,0,0,0
13:50:43.533,101916,0,0,0,0
13:50:43.576,101921,0,0,0,0
13:50:43.600,101913,0,0,0,0
13:50:43.623,101925,0,0,0,0
13:50:43.644,101924,0,0,0,0
13:50:43.687,101904,0,0,0,0
13:50:43.710,101877,0,0,0,0
13:50:43.732,101878,0,0,0,0
13:50:43.755,101861,0,0,0,0
13:50:43.797,101844,0,0,0,0
13:50:43.821,101835,0,0,0,0
13:50:43.842,101831,0,0,0,0
13:50:43.864,101837,0,0,0,0
13:50:43.907,101820,0,0,0,0
13:50:43.928,101808,0,0,0,0
13:50:43.951,101798,0,0,0,0
13:50:43.972,101833,0,0,0,0
13:50:44.015,101838,0,0,0,0
13:50:44.038,101867,0,0,0,0
13:50:44.061,101770,0,0,0,0
13:50:44.082,101709,0,0,0,0
13:50:44.125,101768,0,0,0,0
13:50:44.148,101775,0,0,0,0
13:50:44.169,101739,0,0,0,0
13:50:44.192,101752,0,0,0,0
13:50:44.249,101747,0,0,0,0
13:50:44.271,101757,0,0,0,0
13:50:44.302,101761,0,0,0,0
13:50:44.344,101785,0,0,0,0
13:50:44.368,101785,0,0,0,0
13:50:44.389,101795,0,0,0,0
13:50:44.413,101799,0,0,0,0
13:50:44.457,101780,0,0,0,0
13:50:44.479,101786,0,0,0,0
13:50:44.503,101770,0,0,0,0
13:50:44.525,101761,0,0,0,0
13:50:44.623,101751,0,0,0,0
13:50:44.644,101766,0,0,0,0
13:50:44.668,101804,0,0,0,0
13:50:44.692,101868,0,0,0,0
13:50:44.736,101849,0,0,0,0
13:50:44.758,101790,0,0,0,0
13:50:44.781,101767,0,0,0,0
13:50:44.803,101763,0,0,0,0
13:50:44.847,101785,0,0,0,0
13:50:44.872,101818,0,0,0,0
13:50:44.899,101817,0,0,0,0
13:50:44.924,101810,0,0,0,0
13:50:44.969,101824,0,0,0,0
13:50:44.993,101846,0,0,0,0
13:50:45.015,101876,0,0,0,0
13:50:45.045,101820,0,0,0,0
13:50:45.118,101732,0,0,0,0
13:50:45.140,101753,0,0,0,0
13:50:45.164,101816,0,0,0,0
13:50:45.208,101813,0,0,0,0
13:50:45.232,101825,0,0,0,0
13:50:45.253,101843,0,0,0,0
13:50:45.276,101854,0,0,0,0
13:50:45.320,101839,0,0,0,0
13:50:45.342,101860,0,0,0,0
13:50:45.365,101849,0,0,0,0
13:50:45.387,101862,0,0,0,0
13:50:45.430,101872,0,0,0,0
13:50:45.454,101860,0,0,0,0
13:50:45.477,101868,0,0,0,0
13:50:45.498,101880,0,0,0,0
13:50:45.541,101879,0,0,0,0
13:50:45.565,101873,0,0,0,0
13:50:45.586,101898,0,0,0,0
13:50:45.608,101881,0,0,0,0
13:50:45.651,101889,0,0,0,0
13:50:45.673,101920,0,0,0,0
13:50:45.696,101931,0,0,0,0
13:50:45.719,101937,0,0,0,0
13:50:45.762,101949,0,0,0,0
13:50:45.783,101961,0,0,0,0
13:50:45.806,101958,0,0,0,0
13:50:45.827,101967,0,0,0,0
13:50:45.903,101976,0,0,0,0
13:50:45.941,101985,0,0,0,0
13:50:45.985,102022,0,0,0,0
13:50:46.008,102090,0,0,0,0
13:50:46.029,102063,0,0,0,0
13:50:46.052,102001,0,0,0,0
13:50:46.095,101968,0,0,0,0
13:50:46.116,102040,0,0,0,0
13:50:46.139,102026,0,0,0,0
13:50:46.160,102044,0,0,0,0
13:50:46.205,102056,0,0,0,0
13:50:46.227,102064,0,0,0,0
13:50:46.262,102064,0,0,0,0
13:50:46.305,102081,0,0,0,0
13:50:46.326,102074,0,0,0,0
13:50:46.349,102089,0,0,0,0
13:50:46.369,102100,0,0,0,0
13:50:46.413,102103,0,0,0,0
13:50:46.436,102109,0,0,0,0
13:50:46.459,102106,0,0,0,0
13:50:46.480,102104,0,0,0,0
13:50:46.523,102071,0,0,0,0
13:50:46.546,102020,0,0,0,0
13:50:46.568,101969,0,0,0,0
13:50:46.590,101994,0,0,0,0
13:50:46.633,102023,0,0,0,0
13:50:46.655,102060,0,0,0,0
13:50:46.696,102019,0,0,0,0
13:50:46.771,101936,0,0,0,0
13:50:46.796,101902,0,0,0,0
13:50:46.816,101885,0,0,0,0
13:50:46.840,101907,0,0,0,0
13:50:46.884,101932,0,0,0,0
13:50:46.906,101937,0,0,0,0
13:50:46.929,101969,0,0,0,0
13:50:46.950,101999,0,0,0,0
13:50:46.996,102015,0,0,0,0
13:50:47.017,101940,0,0,0,0
13:50:47.040,101881,0,0,0,0
13:50:47.060,101850,0,0,0,0
13:50:47.103,101916,0,0,0,0
13:50:47.126,101893,0,0,0,0
13:50:47.147,101899,0,0,0,0
13:50:47.170,101917,0,0,0,0
13:50:47.213,101919,0,0,0,0
13:50:47.236,101924,0,0,0,0
13:50:47.257,101927,0,0,0,0
13:50:47.280,101926,0,0,0,0
13:50:47.323,101924,0,0,0,0
13:50:47.344,101916,0,0,0,0
13:50:47.367,101908,0,0,0,0
13:50:47.388,101916,0,0,0,0
13:50:47.431,101915,0,0,0,0
13:50:47.454,101914,0,0,0,0
13:50:47.479,101912,0,0,0,0
13:50:47.567,101921,0,0,0,0
13:50:47.590,101928,0,0,0,0
13:50:47.614,101921,0,0,0,0
13:50:47.661,101921,0,0,0,0
13:50:47.683,101918,0,0,0,0
13:50:47.707,101927,0,0,0,0
13:50:47.729,101924,0,0,0,0
13:50:47.775,101920,0,0,0,0
13:50:47.797,101916,0,0,0,0
13:50:47.821,101908,0,0,0,0
13:50:47.844,101870,0,0,0,0
13:50:47.891,101883,0,0,0,0
13:50:47.917,101853,0,0,0,0
13:50:47.940,101932,0,0,0,0
13:50:47.965,101947,0,0,0,0
13:50:48.011,101788,0,0,0,0
13:50:48.036,101652,0,0,0,0
13:50:48.059,101676,0,0,0,0
13:50:48.085,101663,0,0,0,0
13:50:48.132,101675,0,0,0,0
13:50:48.156,101694,0,0,0,0
13:50:48.182,101685,0,0,0,0
13:50:48.207,101671,0,0,0,0
13:50:48.259,101664,0,0,0,0
13:50:48.284,101690,0,0,0,0
13:50:48.310,101715,0,0,0,0
13:50:48.366,101694,0,0,0,0
13:50:48.401,101692,0,0,0,0
13:50:48.456,101696,0,0,0,0
13:50:48.497,101698,0,0,0,0
13:50:48.518,101720,0,0,0,0
13:50:48.564,101752,0,0,0,0
13:50:48.586,101760,0,0,0,0
13:50:48.609,101792,0,0,0,0
13:50:48.630,101801,0,0,0,0
13:50:48.673,101811,0,0,0,0
13:50:48.696,101821,0,0,0,0
13:50:48.718,101832,0,0,0,0
13:50:48.744,101831,0,0,0,0
13:50:48.788,101837,0,0,0,0
13:50:48.811,101866,0,0,0,0
13:50:48.832,101873,0,0,0,0
13:50:48.855,101867,0,0,0,0
13:50:48.898,101875,0,0,0,0
13:50:48.919,101889,0,0,0,0
13:50:48.943,101955,0,0,0,0
13:50:48.963,101966,0,0,0,0
13:50:49.006,101954,0,0,0,0
13:50:49.030,101852,0,0,0,0
13:50:49.052,101853,0,0,0,0
13:50:49.073,101867,0,0,0,0
13:50:49.116,101940,0,0,0,0
13:50:49.153,101957,0,0,0,0
13:50:49.229,101953,0,0,0,0
13:50:49.250,101942,0,0,0,0
13:50:49.273,101920,0,0,0,0
13:50:49.294,101865,0,0,0,0
13:50:49.339,101891,0,0,0,0
13:50:49.360,101925,0,0,0,0
13:50:49.384,101938,0,0,0,0
13:50:49.405,101835,0,0,0,0
13:50:49.447,101768,0,0,0,0
13:50:49.471,101735,0,0,0,0
13:50:49.492,101763,0,0,0,0
13:50:49.515,101750,0,0,0,0
13:50:49.558,101764,0,0,0,0
13:50:49.582,101755,0,0,0,0
13:50:49.603,101754,0,0,0,0
13:50:49.625,101747,0,0,0,0
13:50:49.670,101747,0,0,0,0
13:50:49.692,101744,0,0,0,0
13:50:49.715,101750,0,0,0,0
13:50:49.737,101749,0,0,0,0
13:50:49.784,101730,0,0,0,0
13:50:49.805,101743,0,0,0,0
13:50:49.829,101775,0,0,0,0
13:50:49.852,101816,0,0,0,0
13:50:49.898,101846,0,0,0,0
13:50:49.924,101923,0,0,0,0
13:50:49.945,101939,0,0,0,0
13:50:50.034,101885,0,0,0,0
13:50:50.072,101788,0,0,0,0
13:50:50.115,101769,0,0,0,0
13:50:50.140,101759,0,0,0,0
13:50:50.161,101808,0,0,0,0
13:50:50.184,101800,0,0,0,0
13:50:50.228,101828,0,0,0,0
13:50:50.248,101824,0,0,0,0
13:50:50.274,101837,0,0,0,0
13:50:50.296,101828,0,0,0,0
13:50:50.342,101836,0,0,0,0
13:50:50.363,101847,0,0,0,0
13:50:50.386,101837,0,0,0,0
13:50:50.407,101863,0,0,0,0
13:50:50.451,101856,0,0,0,0
13:50:50.474,101880,0,0,0,0
13:50:50.496,101876,0,0,0,0
13:50:50.519,101881,0,0,0,0
13:50:50.562,101899,0,0,0,0
13:50:50.585,101909,0,0,0,0
13:50:50.607,101926,0,0,0,0
13:50:50.629,101915,0,0,0,0
13:50:50.673,101911,0,0,0,0
13:50:50.694,101912,0,0,0,0
13:50:50.717,101907,0,0,0,0
13:50:50.738,101909,0,0,0,0
13:50:50.781,101905,0,0,0,0
13:50:50.823,101919,0,0,0,0
13:50:50.886,101881,0,0,0,0
13:50:50.924,101811,0,0,0,0
13:50:50.946,101797,0,0,0,0
13:50:50.990,101875,0,0,0,0
13:50:51.013,101906,0,0,0,0
13:50:51.034,101881,0,0,0,0
13:50:51.058,101677,0,0,0,0
13:50:51.101,101639,0,0,0,0
13:50:51.125,101622,0,0,0,0
13:50:51.146,101617,0,0,0,0
13:50:51.169,101634,0,0,0,0
13:50:51.212,101662,0,0,0,0
13:50:51.234,101645,0,0,0,0
13:50:51.257,101628,0,0,0,0
13:50:51.278,101641,0,0,0,0
13:50:51.323,101623,0,0,0,0
13:50:51.344,101636,0,0,0,0
13:50:51.367,101609,0,0,0,0
13:50:51.388,101584,0,0,0,0
13:50:51.431,101587,0,0,0,0
13:50:51.454,101563,0,0,0,0
13:50:51.475,101559,0,0,0,0
13:50:51.499,101583,0,0,0,0
13:50:51.542,101582,0,0,0,0
13:50:51.566,101587,0,0,0,0
13:50:51.608,101575,0,0,0,0
13:50:51.680,101570,0,0,0,0
13:50:51.704,101581,0,0,0,0
13:50:51.725,101559,0,0,0,0
13:50:51.748,101556,0,0,0,0
13:50:51.791,101561,0,0,0,0
13:50:51.814,101551,0,0,0,0
13:50:51.837,101547,0,0,0,0
13:50:51.859,101537,0,0,0,0
13:50:51.902,101582,0,0,0,0
13:50:51.924,101568,0,0,0,0
13:50:51.947,101644,0,0,0,0
13:50:51.968,101562,0,0,0,0
13:50:52.011,101535,0,0,0,0
13:50:52.034,101430,0,0,0,0
13:50:52.056,101505,0,0,0,0
13:50:52.080,101419,0,0,0,0
13:50:52.123,101382,0,0,0,0
13:50:52.146,101344,0,0,0,0
13:50:52.167,101353,0,0,0,0
13:50:52.190,101390,0,0,0,0
13:50:52.233,101402,0,0,0,0
13:50:52.254,101401,0,0,0,0
13:50:52.277,101400,0,0,0,0
13:50:52.303,101408,0,0,0,0
13:50:52.346,101411,0,0,0,0
13:50:52.367,101440,0,0,0,0
13:50:52.397,101458,0,0,0,0
13:50:52.472,101446,0,0,0,0
13:50:52.494,101443,0,0,0,0
13:50:52.518,101456,0,0,0,0
13:50:52.539,101467,0,0,0,0
13:50:52.585,101482,0,0,0,0
13:50:52.606,101499,0,0,0,0
13:50:52.630,101528,0,0,0,0
13:50:52.651,101514,0,0,0,0
13:50:52.694,101522,0,0,0,0
13:50:52.718,101520,0,0,0,0
13:50:52.740,101542,0,0,0,0
13:50:52.763,101535,0,0,0,0
13:50:52.806,101544,0,0,0,0
13:50:52.828,101538,0,0,0,0
13:50:52.850,101620,0,0,0,0
13:50:52.872,101636,0,0,0,0
13:50:52.915,101666,0,0,0,0
13:50:52.938,101564,0,0,0,0
13:50:52.962,101506,0,0,0,0
13:50:52.984,101537,0,0,0,0
13:50:53.028,101603,0,0,0,0
13:50:53.051,101624,0,0,0,0
13:50:53.074,101650,0,0,0,0
13:50:53.097,101653,0,0,0,0
13:50:53.143,101675,0,0,0,0
13:50:53.168,101678,0,0,0,0
13:50:53.189,101701,0,0,0,0
13:50:53.264,101698,0,0,0,0
13:50:53.299,101711,0,0,0,0
13:50:53.322,101722,0,0,0,0
13:50:53.366,101721,0,0,0,0
13:50:53.388,101725,0,0,0,0
13:50:53.411,101756,0,0,0,0
13:50:53.432,101754,0,0,0,0
13:50:53.475,101721,0,0,0,0
13:50:53.498,101724,0,0,0,0
13:50:53.520,101705,0,0,0,0
13:50:53.543,101746,0,0,0,0
13:50:53.588,101750,0,0,0,0
13:50:53.612,101665,0,0,0,0
13:50:53.637,101597,0,0,0,0
13:50:53.661,101547,0,0,0,0
13:50:53.705,101550,0,0,0,0
13:50:53.727,101549,0,0,0,0
13:50:53.750,101546,0,0,0,0
13:50:53.772,101537,0,0,0,0
13:50:53.818,101521,0,0,0,0
13:50:53.839,101589,0,0,0,0
13:50:53.863,101586,0,0,0,0
13:50:53.884,101538,0,0,0,0
13:50:53.928,101524,0,0,0,0
13:50:53.951,101511,0,0,0,0
13:50:53.973,101502,0,0,0,0
13:50:53.996,101504,0,0,0,0
13:50:54.063,101516,0,0,0,0
13:50:54.105,101531,0,0,0,0
13:50:54.152,101554,0,0,0,0
13:50:54.174,101561,0,0,0,0
13:50:54.198,101559,0,0,0,0
13:50:54.220,101553,0,0,0,0
13:50:54.265,101554,0,0,0,0
13:50:54.289,101563,0,0,0,0
13:50:54.310,101561,0,0,0,0
13:50:54.334,101567,0,0,0,0
13:50:54.379,101552,0,0,0,0
13:50:54.402,101569,0,0,0,0
13:50:54.424,101569,0,0,0,0
13:50:54.447,101567,0,0,0,0
13:50:54.491,101586,0,0,0,0
13:50:54.513,101568,0,0,0,0
13:50:54.536,101582,0,0,0,0
13:50:54.559,101574,0,0,0,0
13:50:54.602,101586,0,0,0,0
13:50:54.624,101604,0,0,0,0
13:50:54.648,101582,0,0,0,0
13:50:54.669,101624,0,0,0,0
13:50:54.712,101618,0,0,0,0
13:50:54.736,101613,0,0,0,0
13:50:54.757,101658,0,0,0,0
13:50:54.780,101686,0,0,0,0
13:50:54.822,101723,0,0,0,0
13:50:54.853,101611,0,0,0,0
13:50:54.897,101605,0,0,0,0
13:50:54.948,101503,0,0,0,0
13:50:54.972,101608,0,0,0,0
13:50:54.994,101509,0,0,0,0
13:50:55.017,101429,0,0,0,0
13:50:55.060,101379,0,0,0,0
13:50:55.084,101392,0,0,0,0
13:50:55.105,101382,0,0,0,0
13:50:55.128,101378,0,0,0,0
13:50:55.172,101366,0,0,0,0
13:50:55.193,101341,0,0,0,0
13:50:55.216,101342,0,0,0,0
13:50:55.237,101350,0,0,0,0
13:50:55.281,101328,0,0,0,0
13:50:55.306,101318,0,0,0,0
13:50:55.329,101293,0,0,0,0
13:50:55.350,101271,0,0,0,0
13:50:55.393,101244,0,0,0,0
13:50:55.417,101242,0,0,0,0
13:50:55.439,101231,0,0,0,0
13:50:55.462,101234,0,0,0,0
13:50:55.508,101242,0,0,0,0
13:50:55.533,101226,0,0,0,0
13:50:55.554,101236,0,0,0,0
13:50:55.577,101234,0,0,0,0
13:50:55.620,101226,0,0,0,0
13:50:55.641,101245,0,0,0,0
13:50:55.672,101242,0,0,0,0
13:50:55.695,101251,0,0,0,0
13:50:55.756,101282,0,0,0,0
13:50:55.779,101332,0,0,0,0
13:50:55.802,101402,0,0,0,0
13:50:55.823,101307,0,0,0,0
13:50:55.866,101284,0,0,0,0
13:50:55.890,101237,0,0,0,0
13:50:55.912,101268,0,0,0,0
13:50:55.935,101237,0,0,0,0
13:50:55.978,101233,0,0,0,0
13:50:55.999,101252,0,0,0,0
13:50:56.023,101248,0,0,0,0
13:50:56.046,101284,0,0,0,0
13:50:56.091,101277,0,0,0,0
13:50:56.113,101274,0,0,0,0
13:50:56.136,101292,0,0,0,0
13:50:56.158,101281,0,0,0,0
13:50:56.202,101291,0,0,0,0
13:50:56.224,101312,0,0,0,0
13:50:56.245,101295,0,0,0,0
13:50:56.268,101323,0,0,0,0
13:50:56.311,101291,0,0,0,0
13:50:56.335,101320,0,0,0,0
13:50:56.356,101324,0,0,0,0
13:50:56.380,101333,0,0,0,0
13:50:56.423,101328,0,0,0,0
13:50:56.444,101342,0,0,0,0
13:50:56.489,101331,0,0,0,0
13:50:56.561,101338,0,0,0,0
13:50:56.584,101354,0,0,0,0
13:50:56.605,101366,0,0,0,0
13:50:56.628,101373,0,0,0,0
13:50:56.671,101367,0,0,0,0
13:50:56.692,101363,0,0,0,0
13:50:56.715,101407,0,0,0,0
13:50:56.736,101449,0,0,0,0
13:50:56.782,101500,0,0,0,0
13:50:56.803,101431,0,0,0,0
13:50:56.826,101364,0,0,0,0
13:50:56.848,101418,0,0,0,0
13:50:56.892,101429,0,0,0,0
13:50:56.915,101427,0,0,0,0
13:50:56.936,101467,0,0,0,0
13:50:56.959,101487,0,0,0,0
13:50:57.004,101483,0,0,0,0
13:50:57.029,101491,0,0,0,0
13:50:57.051,101500,0,0,0,0
13:50:57.075,101529,0,0,0,0
13:50:57.120,101531,0,0,0,0
13:50:57.141,101544,0,0,0,0
13:50:57.164,101551,0,0,0,0
13:50:57.185,101557,0,0,0,0
13:50:57.229,101567,0,0,0,0
13:50:57.252,101555,0,0,0,0
13:50:57.280,101538,0,0,0,0
13:50:57.353,101495,0,0,0,0
13:50:57.374,101516,0,0,0,0
13:50:57.398,101547,0,0,0,0
13:50:57.419,101549,0,0,0,0
13:50:57.462,101437,0,0,0,0
13:50:57.486,101348,0,0,0,0
13:50:57.509,101319,0,0,0,0
13:50:57.530,101336,0,0,0,0
13:50:57.573,101353,0,0,0,0
13:50:57.596,101353,0,0,0,0
13:50:57.617,101333,0,0,0,0
13:50:57.640,101326,0,0,0,0
13:50:57.683,101381,0,0,0,0
13:50:57.704,101416,0,0,0,0
13:50:57.727,101392,0,0,0,0
13:50:57.750,101332,0,0,0,0
13:50:57.797,101269,0,0,0,0
13:50:57.819,101302,0,0,0,0
13:50:57.842,101306,0,0,0,0
13:50:57.863,101314,0,0,0,0
13:50:57.907,101315,0,0,0,0
13:50:57.930,101332,0,0,0,0
13:50:57.952,101315,0,0,0,0
13:50:57.976,101334,0,0,0,0
13:50:58.019,101314,0,0,0,0
13:50:58.042,101331,0,0,0,0
13:50:58.064,101325,0,0,0,0
13:50:58.096,101315,0,0,0,0
13:50:58.163,101343,0,0,0,0
13:50:58.184,101321,0,0,0,0
13:50:58.207,101335,0,0,0,0
13:50:58.228,101320,0,0,0,0
13:50:58.273,101321,0,0,0,0
13:50:58.294,101352,0,0,0,0
13:50:58.318,101360,0,0,0,0
13:50:58.339,101352,0,0,0,0
13:50:58.382,101355,0,0,0,0
13:50:58.405,101355,0,0,0,0
13:50:58.427,101367,0,0,0,0
13:50:58.450,101363,0,0,0,0
13:50:58.493,101370,0,0,0,0
13:50:58.517,101365,0,0,0,0
13:50:58.538,101371,0,0,0,0
13:50:58.564,101377,0,0,0,0
13:50:58.608,101426,0,0,0,0
13:50:58.628,101468,0,0,0,0
13:50:58.651,101434,0,0,0,0
13:50:58.672,101426,0,0,0,0
13:50:58.717,101343,0,0,0,0
13:50:58.738,101276,0,0,0,0
13:50:58.761,101354,0,0,0,0
13:50:58.782,101373,0,0,0,0
13:50:58.825,101364,0,0,0,0
13:50:58.848,101244,0,0,0,0
13:50:58.869,101173,0,0,0,0
13:50:58.946,101150,0,0,0,0
13:50:58.986,101124,0,0,0,0
13:50:59.031,101144,0,0,0,0
13:50:59.054,101133,0,0,0,0
13:50:59.076,101110,0,0,0,0
13:50:59.099,101111,0,0,0,0
13:50:59.143,101087,0,0,0,0
13:50:59.164,101104,0,0,0,0
13:50:59.187,101097,0,0,0,0
13:50:59.208,101107,0,0,0,0
13:50:59.252,101090,0,0,0,0
13:50:59.274,101087,0,0,0,0
13:50:59.297,101119,0,0,0,0
13:50:59.318,101123,0,0,0,0
13:50:59.362,101158,0,0,0,0
13:50:59.385,101183,0,0,0,0
13:50:59.406,101208,0,0,0,0
13:50:59.429,101214,0,0,0,0
13:50:59.472,101219,0,0,0,0
13:50:59.496,101245,0,0,0,0
13:50:59.517,101245,0,0,0,0
13:50:59.609,101251,0,0,0,0
13:50:59.630,101311,0,0,0,0
13:50:59.653,101376,0,0,0,0
13:50:59.674,101337,0,0,0,0
13:50:59.747,101243,0,0,0,0
13:50:59.782,101234,0,0,0,0
13:50:59.804,101336,0,0,0,0
13:50:59.863,101343,0,0,0,0
13:50:59.887,101366,0,0,0,0
13:50:59.910,101375,0,0,0,0
13:50:59.931,101392,0,0,0,0
13:50:59.974,101402,0,0,0,0
13:50:59.997,101416,0,0,0,0
13:51:00.019,101429,0,0,0,0
13:51:00.043,101422,0,0,0,0
13:51:00.089,101414,0,0,0,0
13:51:00.111,101409,0,0,0,0
13:51:00.139,101380,0,0,0,0
13:51:00.162,101415,0,0,0,0
13:51:00.206,101437,0,0,0,0
13:51:00.228,101367,0,0,0,0
13:51:00.252,101289,0,0,0,0
13:51:00.273,101247,0,0,0,0
13:51:00.317,101229,0,0,0,0
13:51:00.341,101226,0,0,0,0
13:51:00.365,101252,0,0,0,0
13:51:00.387,101232,0,0,0,0
13:51:00.431,101235,0,0,0,0
13:51:00.454,101218,0,0,0,0
13:51:00.475,101229,0,0,0,0
13:51:00.508,101228,0,0,0,0
13:51:00.588,101236,0,0,0,0
13:51:00.610,101206,0,0,0,0
13:51:00.634,101212,0,0,0,0
13:51:00.679,101329,0,0,0,0
13:51:00.702,101276,0,0,0,0
13:51:00.724,101278,0,0,0,0
13:51:00.747,101163,0,0,0,0
13:51:00.791,101186,0,0,0,0
13:51:00.813,101258,0,0,0,0
13:51:00.836,101266,0,0,0,0
13:51:00.858,101261,0,0,0,0
13:51:00.903,101257,0,0,0,0
13:51:00.925,101279,0,0,0,0
13:51:00.948,101284,0,0,0,0
13:51:00.970,101286,0,0,0,0
13:51:01.014,101290,0,0,0,0
13:51:01.038,101308,0,0,0,0
13:51:01.060,101302,0,0,0,0
13:51:01.083,101309,0,0,0,0
13:51:01.127,101328,0,0,0,0
13:51:01.150,101339,0,0,0,0
13:51:01.172,101366,0,0,0,0
13:51:01.195,101356,0,0,0,0
13:51:01.237,101389,0,0,0,0
13:51:01.258,101380,0,0,0,0
13:51:01.292,101395,0,0,0,0
13:51:01.376,101398,0,0,0,0
13:51:01.397,101398,0,0,0,0
13:51:01.420,101426,0,0,0,0
13:51:01.463,101422,0,0,0,0
13:51:01.486,101436,0,0,0,0
13:51:01.507,101437,0,0,0,0
13:51:01.530,101451,0,0,0,0
13:51:01.573,101444,0,0,0,0
13:51:01.595,101456,0,0,0,0
13:51:01.618,101529,0,0,0,0
13:51:01.639,101574,0,0,0,0
13:51:01.684,101531,0,0,0,0
13:51:01.706,101449,0,0,0,0
13:51:01.729,101331,0,0,0,0
13:51:01.750,101440,0,0,0,0
13:51:01.794,101456,0,0,0,0
13:51:01.817,101434,0,0,0,0
13:51:01.838,101323,0,0,0,0
13:51:01.861,101249,0,0,0,0
13:51:01.904,101226,0,0,0,0
13:51:01.926,101242,0,0,0,0
13:51:01.947,101240,0,0,0,0
13:51:01.970,101229,0,0,0,0
13:51:02.013,101227,0,0,0,0
13:51:02.035,101215,0,0,0,0
13:51:02.057,101205,0,0,0,0
13:51:02.078,101211,0,0,0,0
13:51:02.165,101203,0,0,0,0
13:51:02.195,101206,0,0,0,0
13:51:02.218,101200,0,0,0,0
13:51:02.262,101174,0,0,0,0
13:51:02.283,101181,0,0,0,0
13:51:02.306,101200,0,0,0,0
13:51:02.327,101207,0,0,0,0
13:51:02.371,101224,0,0,0,0
13:51:02.395,101233,0,0,0,0
13:51:02.418,101234,0,0,0,0
13:51:02.440,101232,0,0,0,0
13:51:02.484,101249,0,0,0,0
13:51:02.507,101256,0,0,0,0
13:51:02.528,101263,0,0,0,0
13:51:02.551,101338,0,0,0,0
13:51:02.596,101374,0,0,0,0
13:51:02.619,101381,0,0,0,0
13:51:02.642,101317,0,0,0,0
13:51:02.666,101287,0,0,0,0
13:51:02.710,101308,0,0,0,0
13:51:02.736,101373,0,0,0,0
13:51:02.759,101385,0,0,0,0
13:51:02.780,101419,0,0,0,0
13:51:02.824,101424,0,0,0,0
13:51:02.848,101363,0,0,0,0
13:51:02.870,101311,0,0,0,0
13:51:02.893,101267,0,0,0,0
13:51:02.958,101319,0,0,0,0
13:51:03.004,101338,0,0,0,0
13:51:03.048,101351,0,0,0,0
13:51:03.070,101336,0,0,0,0
13:51:03.095,101306,0,0,0,0
13:51:03.116,101289,0,0,0,0
13:51:03.161,101329,0,0,0,0
13:51:03.185,101314,0,0,0,0
13:51:03.213,101328,0,0,0,0
13:51:03.234,101310,0,0,0,0
13:51:03.279,101326,0,0,0,0
13:51:03.303,101319,0,0,0,0
13:51:03.325,101332,0,0,0,0
13:51:03.349,101338,0,0,0,0
13:51:03.394,101387,0,0,0,0
13:51:03.416,101371,0,0,0,0
13:51:03.440,101394,0,0,0,0
13:51:03.464,101375,0,0,0,0
13:51:03.510,101384,0,0,0,0
13:51:03.534,101394,0,0,0,0
13:51:03.558,101436,0,0,0,0
13:51:03.582,101505,0,0,0,0
13:51:03.627,101517,0,0,0,0
13:51:03.650,101401,0,0,0,0
13:51:03.672,101385,0,0,0,0
13:51:03.693,101380,0,0,0,0
13:51:03.736,101470,0,0,0,0
13:51:03.765,101481,0,0,0,0
13:51:03.801,101501,0,0,0,0
13:51:03.867,101499,0,0,0,0
13:51:03.910,101528,0,0,0,0
13:51:03.931,101529,0,0,0,0
13:51:03.977,101532,0,0,0,0
13:51:03.998,101562,0,0,0,0
13:51:04.021,101572,0,0,0,0
13:51:04.042,101582,0,0,0,0
13:51:04.085,101594,0,0,0,0
13:51:04.108,101618,0,0,0,0
13:51:04.130,101638,0,0,0,0
13:51:04.152,101655,0,0,0,0
13:51:04.196,101676,0,0,0,0
13:51:04.219,101670,0,0,0,0
13:51:04.240,101696,0,0,0,0
13:51:04.263,101696,0,0,0,0
13:51:04.307,101674,0,0,0,0
13:51:04.328,101657,0,0,0,0
13:51:04.351,101616,0,0,0,0
13:51:04.372,101616,0,0,0,0
13:51:04.416,101664,0,0,0,0
13:51:04.438,101662,0,0,0,0
13:51:04.461,101558,0,0,0,0
13:51:04.482,101497,0,0,0,0
13:51:04.525,101480,0,0,0,0
13:51:04.560,101533,0,0,0,0
13:51:04.595,101557,0,0,0,0
13:51:04.649,101537,0,0,0,0
13:51:04.673,101458,0,0,0,0
13:51:04.694,101452,0,0,0,0
13:51:04.717,101505,0,0,0,0
13:51:04.760,101519,0,0,0,0
13:51:04.783,101534,0,0,0,0
13:51:04.804,101500,0,0,0,0
13:51:04.827,101490,0,0,0,0
13:51:04.870,101489,0,0,0,0
13:51:04.892,101478,0,0,0,0
13:51:04.915,101480,0,0,0,0
13:51:04.938,101491,0,0,0,0
13:51:04.981,101506,0,0,0,0
13:51:05.002,101501,0,0,0,0
13:51:05.025,101523,0,0,0,0
13:51:05.046,101504,0,0,0,0
13:51:05.090,101492,0,0,0,0
13:51:05.115,101510,0,0,0,0
13:51:05.136,101519,0,0,0,0
13:51:05.159,101492,0,0,0,0
13:51:05.203,101508,0,0,0,0
13:51:05.226,101498,0,0,0,0
13:51:05.248,101515,0,0,0,0
13:51:05.271,101500,0,0,0,0
13:51:05.314,101518,0,0,0,0
13:51:05.336,101537,0,0,0,0
13:51:05.374,101528,0,0,0,0
13:51:05.449,101512,0,0,0,0
13:51:05.473,101521,0,0,0,0
13:51:05.494,101505,0,0,0,0
13:51:05.538,101570,0,0,0,0
13:51:05.562,101594,0,0,0,0
13:51:05.583,101504,0,0,0,0
13:51:05.606,101296,0,0,0,0
13:51:05.649,101229,0,0,0,0
13:51:05.670,101299,0,0,0,0
13:51:05.693,101285,0,0,0,0
13:51:05.716,101300,0,0,0,0
13:51:05.758,101287,0,0,0,0
13:51:05.780,101276,0,0,0,0
13:51:05.803,101279,0,0,0,0
13:51:05.824,101270,0,0,0,0
13:51:05.867,101281,0,0,0,0
13:51:05.891,101286,0,0,0,0
13:51:05.912,101287,0,0,0,0
13:51:05.934,101295,0,0,0,0
13:51:05.977,101291,0,0,0,0
13:51:06.000,101307,0,0,0,0
13:51:06.022,101350,0,0,0,0
13:51:06.045,101390,0,0,0,0
13:51:06.089,101387,0,0,0,0
13:51:06.111,101413,0,0,0,0
13:51:06.134,101431,0,0,0,0
13:51:06.156,101468,0,0,0,0
13:51:06.224,101480,0,0,0,0
13:51:06.245,101515,0,0,0,0
13:51:06.269,101535,0,0,0,0
13:51:06.315,101549,0,0,0,0
13:51:06.338,101579,0,0,0,0
13:51:06.363,101579,0,0,0,0
13:51:06.384,101602,0,0,0,0
13:51:06.433,101602,0,0,0,0
13:51:06.454,101674,0,0,0,0
13:51:06.477,101711,0,0,0,0
13:51:06.498,101726,0,0,0,0
13:51:06.541,101605,0,0,0,0
13:51:06.565,101440,0,0,0,0
13:51:06.586,101429,0,0,0,0
13:51:06.609,101494,0,0,0,0
13:51:06.652,101486,0,0,0,0
13:51:06.675,101485,0,0,0,0
13:51:06.696,101480,0,0,0,0
13:51:06.719,101467,0,0,0,0
13:51:06.762,101468,0,0,0,0
13:51:06.784,101483,0,0,0,0
13:51:06.807,101493,0,0,0,0
13:51:06.828,101495,0,0,0,0
13:51:06.870,101502,0,0,0,0
13:51:06.893,101496,0,0,0,0
13:51:06.916,101495,0,0,0,0
13:51:06.937,101500,0,0,0,0
13:51:07.012,101533,0,0,0,0
13:51:07.058,101526,0,0,0,0
13:51:07.102,101537,0,0,0,0
13:51:07.123,101530,0,0,0,0
13:51:07.147,101528,0,0,0,0
13:51:07.168,101537,0,0,0,0
13:51:07.215,101545,0,0,0,0
13:51:07.236,101546,0,0,0,0
13:51:07.260,101563,0,0,0,0
13:51:07.281,101581,0,0,0,0
13:51:07.323,101579,0,0,0,0
13:51:07.347,101600,0,0,0,0
13:51:07.368,101604,0,0,0,0
13:51:07.391,101623,0,0,0,0
13:51:07.434,101678,0,0,0,0
13:51:07.457,101678,0,0,0,0
13:51:07.478,101690,0,0,0,0
13:51:07.500,101612,0,0,0,0
13:51:07.543,101730,0,0,0,0
13:51:07.565,101755,0,0,0,0
13:51:07.588,101748,0,0,0,0
13:51:07.609,101763,0,0,0,0
13:51:07.654,101766,0,0,0,0
13:51:07.676,101764,0,0,0,0
13:51:07.699,101785,0,0,0,0
13:51:07.719,101804,0,0,0,0
13:51:07.762,101813,0,0,0,0
13:51:07.797,101839,0,0,0,0
13:51:07.839,101852,0,0,0,0
13:51:07.900,101874,0,0,0,0
13:51:07.923,101874,0,0,0,0
13:51:07.946,101874,0,0,0,0
13:51:07.968,101848,0,0,0,0
13:51:08.013,101829,0,0,0,0
13:51:08.036,101792,0,0,0,0
13:51:08.058,101826,0,0,0,0
13:51:08.081,101876,0,0,0,0
13:51:08.125,101860,0,0,0,0
13:51:08.148,101747,0,0,0,0
13:51:08.172,101691,0,0,0,0
13:51:08.197,101659,0,0,0,0
13:51:08.242,101685,0,0,0,0
13:51:08.264,101698,0,0,0,0
13:51:08.286,101695,0,0,0,0
13:51:08.307,101674,0,0,0,0
13:51:08.352,101699,0,0,0,0
13:51:08.375,101688,0,0,0,0
13:51:08.396,101756,0,0,0,0
13:51:08.419,101744,0,0,0,0
13:51:08.463,101694,0,0,0,0
13:51:08.486,101606,0,0,0,0
13:51:08.507,101680,0,0,0,0
13:51:08.530,101668,0,0,0,0
13:51:08.573,101670,0,0,0,0
13:51:08.595,101682,0,0,0,0
13:51:08.640,101689,0,0,0,0
13:51:08.711,101685,0,0,0,0
13:51:08.735,101714,0,0,0,0
13:51:08.757,101698,0,0,0,0
13:51:08.782,101697,0,0,0,0
13:51:08.826,101677,0,0,0,0
13:51:08.847,101694,0,0,0,0
13:51:08.871,101709,0,0,0,0
13:51:08.893,101693,0,0,0,0
13:51:08.938,101696,0,0,0,0
13:51:08.960,101703,0,0,0,0
13:51:08.984,101705,0,0,0,0
13:51:09.005,101703,0,0,0,0
13:51:09.050,101708,0,0,0,0
13:51:09.074,101700,0,0,0,0
13:51:09.095,101715,0,0,0,0
13:51:09.119,101705,0,0,0,0
13:51:09.164,101726,0,0,0,0
13:51:09.188,101716,0,0,0,0
13:51:09.210,101712,0,0,0,0
13:51:09.235,101716,0,0,0,0
13:51:09.279,101707,0,0,0,0
13:51:09.300,101689,0,0,0,0
13:51:09.323,101708,0,0,0,0
13:51:09.345,101713,0,0,0,0
13:51:09.389,101773,0,0,0,0
13:51:09.412,101648,0,0,0,0
13:51:09.438,101513,0,0,0,0
13:51:09.523,101348,0,0,0,0
13:51:09.544,101483,0,0,0,0
13:51:09.568,101485,0,0,0,0
13:51:09.613,101501,0,0,0,0
13:51:09.635,101486,0,0,0,0
13:51:09.658,101468,0,0,0,0
13:51:09.681,101498,0,0,0,0
13:51:09.724,101498,0,0,0,0
13:51:09.746,101533,0,0,0,0
13:51:09.769,101525,0,0,0,0
13:51:09.790,101538,0,0,0,0
13:51:09.832,101548,0,0,0,0
13:51:09.856,101567,0,0,0,0
13:51:09.877,101599,0,0,0,0
13:51:09.900,101637,0,0,0,0
13:51:09.943,101653,0,0,0,0
13:51:09.966,101685,0,0,0,0
13:51:09.987,101699,0,0,0,0
13:51:10.010,101703,0,0,0,0
13:51:10.053,101730,0,0,0,0
13:51:10.075,101739,0,0,0,0
13:51:10.098,101761,0,0,0,0
13:51:10.118,101780,0,0,0,0
13:51:10.163,101784,0,0,0,0
13:51:10.184,101814,0,0,0,0
13:51:10.208,101818,0,0,0,0
13:51:10.229,101830,0,0,0,0
13:51:10.303,101837,0,0,0,0
13:51:10.338,101915,0,0,0,0
13:51:10.359,101940,0,0,0,0
13:51:10.403,101957,0,0,0,0
13:51:10.426,101890,0,0,0,0
13:51:10.450,101825,0,0,0,0
13:51:10.471,101870,0,0,0,0
13:51:10.514,101881,0,0,0,0
13:51:10.537,101890,0,0,0,0
13:51:10.559,101937,0,0,0,0
13:51:10.582,101933,0,0,0,0
13:51:10.625,101820,0,0,0,0
13:51:10.649,101768,0,0,0,0
13:51:10.670,101751,0,0,0,0
13:51:10.693,101736,0,0,0,0
13:51:10.736,101742,0,0,0,0
13:51:10.757,101753,0,0,0,0
13:51:10.781,101734,0,0,0,0
13:51:10.803,101732,0,0,0,0
13:51:10.848,101727,0,0,0,0
13:51:10.872,101732,0,0,0,0
13:51:10.896,101751,0,0,0,0
13:51:10.918,101752,0,0,0,0
13:51:10.962,101746,0,0,0,0
13:51:10.986,101738,0,0,0,0
13:51:11.007,101755,0,0,0,0
13:51:11.030,101742,0,0,0,0
13:51:11.088,101746,0,0,0,0
13:51:11.126,101778,0,0,0,0
13:51:11.190,101780,0,0,0,0
13:51:11.211,101789,0,0,0,0
13:51:11.234,101775,0,0,0,0
13:51:11.256,101771,0,0,0,0
13:51:11.301,101791,0,0,0,0
13:51:11.325,101868,0,0,0,0
13:51:11.346,101880,0,0,0,0
13:51:11.368,101796,0,0,0,0
13:51:11.412,101782,0,0,0,0
13:51:11.436,101783,0,0,0,0
13:51:11.456,101843,0,0,0,0
13:51:11.480,101864,0,0,0,0
13:51:11.523,101871,0,0,0,0
13:51:11.544,101874,0,0,0,0
13:51:11.567,101877,0,0,0,0
13:51:11.588,101872,0,0,0,0
13:51:11.635,101882,0,0,0,0
13:51:11.657,101903,0,0,0,0
13:51:11.681,101893,0,0,0,0
13:51:11.702,101902,0,0,0,0
13:51:11.749,101911,0,0,0,0
13:51:11.773,101912,0,0,0,0
13:51:11.795,101920,0,0,0,0
13:51:11.819,101937,0,0,0,0
13:51:11.862,101937,0,0,0,0
13:51:11.887,101944,0,0,0,0
13:51:11.929,101950,0,0,0,0
13:51:12.001,101963,0,0,0,0
13:51:12.025,101944,0,0,0,0
13:51:12.046,101904,0,0,0,0
13:51:12.070,101906,0,0,0,0
13:51:12.114,101913,0,0,0,0
13:51:12.136,101918,0,0,0,0
13:51:12.159,101843,0,0,0,0
13:51:12.183,101760,0,0,0,0
13:51:12.227,101720,0,0,0,0
13:51:12.248,101731,0,0,0,0
13:51:12.273,101742,0,0,0,0
13:51:12.294,101783,0,0,0,0
13:51:12.338,101739,0,0,0,0
13:51:12.362,101719,0,0,0,0
13:51:12.384,101622,0,0,0,0
13:51:12.407,101581,0,0,0,0
13:51:12.452,101671,0,0,0,0
13:51:12.476,101662,0,0,0,0
13:51:12.497,101664,0,0,0,0
13:51:12.521,101638,0,0,0,0
13:51:12.565,101626,0,0,0,0
13:51:12.587,101628,0,0,0,0
13:51:12.610,101623,0,0,0,0
13:51:12.634,101641,0,0,0,0
13:51:12.677,101633,0,0,0,0
13:51:12.699,101629,0,0,0,0
13:51:12.728,101654,0,0,0,0
13:51:12.807,101672,0,0,0,0
13:51:12.829,101666,0,0,0,0
13:51:12.853,101664,0,0,0,0
13:51:12.897,101666,0,0,0,0
13:51:12.921,101689,0,0,0,0
13:51:12.942,101734,0,0,0,0
13:51:12.965,101744,0,0,0,0
13:51:13.008,101762,0,0,0,0
13:51:13.029,101763,0,0,0,0
13:51:13.053,101769,0,0,0,0
13:51:13.074,101794,0,0,0,0
13:51:13.117,101851,0,0,0,0
13:51:13.141,101854,0,0,0,0
13:51:13.164,101777,0,0,0,0
13:51:13.185,101735,0,0,0,0
13:51:13.229,101726,0,0,0,0
13:51:13.252,101796,0,0,0,0
13:51:13.274,101817,0,0,0,0
13:51:13.298,101798,0,0,0,0
13:51:13.341,101691,0,0,0,0
13:51:13.362,101669,0,0,0,0
13:51:13.386,101762,0,0,0,0
13:51:13.409,101788,0,0,0,0
13:51:13.452,101788,0,0,0,0
13:51:13.473,101789,0,0,0,0
13:51:13.496,101790,0,0,0,0
13:51:13.518,101770,0,0,0,0
13:51:13.599,101806,0,0,0,0
13:51:13.630,101816,0,0,0,0
13:51:13.690,101821,0,0,0,0
13:51:13.714,101839,0,0,0,0
13:51:13.735,101868,0,0,0,0
13:51:13.758,101869,0,0,0,0
13:51:13.801,101880,0,0,0,0
13:51:13.823,101879,0,0,0,0
13:51:13.847,101875,0,0,0,0
13:51:13.867,101882,0,0,0,0
13:51:13.913,101890,0,0,0,0
13:51:13.934,101892,0,0,0,0
13:51:13.957,101883,0,0,0,0
13:51:13.978,101913,0,0,0,0
13:51:14.021,101904,0,0,0,0
13:51:14.045,101931,0,0,0,0
13:51:14.066,101943,0,0,0,0
13:51:14.089,101950,0,0,0,0
13:51:14.132,101953,0,0,0,0
13:51:14.155,101948,0,0,0,0
13:51:14.176,101976,0,0,0,0
13:51:14.198,102029,0,0,0,0
13:51:14.241,102102,0,0,0,0
13:51:14.262,102094,0,0,0,0
13:51:14.286,102064,0,0,0,0
13:51:14.308,101957,0,0,0,0
13:51:14.387,101995,0,0,0,0
13:51:14.424,102064,0,0,0,0
13:51:14.448,102076,0,0,0,0
13:51:14.493,102084,0,0,0,0
13:51:14.514,102080,0,0,0,0
13:51:14.540,102089,0,0,0,0
13:51:14.561,102105,0,0,0,0