time,cnt,ir,red,green,spo2,hr,temp
13:50:11:720,1352,130266,117105,12874,0,0,0
13:50:11:721,1374,130342,117131,12869,0,0,0
13:50:11:757,1395,130378,117134,12869,0,0,0
13:50:11:764,1417,130369,117126,12869,0,0,0
13:50:11:787,1439,130378,117117,12906,0,0,0
13:50:11:812,1460,130386,117138,12892,0,0,0
13:50:11:830,1482,130360,117111,12888,0,0,0
13:50:11:848,1504,130398,117104,12904,0,0,0
13:50:11:868,1525,130407,117118,12902,0,0,0
13:50:11:892,1547,130424,117109,12908,0,0,0
13:50:11:924,1568,130440,117124,12906,0,0,0
13:50:11:939,1590,130452,117105,12909,0,0,0
13:50:11:959,1612,130467,117118,12925,0,0,0
13:50:11:985,1633,130471,117103,12923,0,0,0
13:50:12:013,1655,130475,117102,12930,0,0,0
13:50:12:030,1676,130526,117128,12930,0,0,0
13:50:12:084,1698,130586,117093,12938,0,0,0
13:50:12:133,1720,130464,116929,13071,0,0,0
13:50:12:177,1741,130484,116913,13081,0,0,0
13:50:12:231,1763,130492,116932,13087,0,0,0
13:50:12:279,1784,130480,116924,13082,0,0,0
13:50:12:327,1817,130520,116927,13092,98,0,0
13:50:12:375,1839,130513,116918,13099,0,0,0
13:50:12:425,1860,130508,116901,13095,0,0,0
13:50:12:474,1906,130532,116934,13098,0,0,0
13:50:12:522,1955,130546,116924,13097,0,0,0
13:50:12:572,2003,130609,116900,13113,0,0,0
13:50:12:622,2052,130564,116911,13122,0,0,0
13:50:12:672,2100,130590,116917,13101,0,0,0
13:50:12:720,2148,130596,116909,13111,0,0,0
13:50:12:767,2197,130615,116926,13120,0,0,0
13:50:12:816,2245,130613,116913,13112,0,0,0
13:50:12:867,2294,130632,116886,13128,0,0,0
13:50:12:913,2342,130629,116923,13128,0,0,0
13:50:12:963,2391,130629,116904,13115,0,0,0
13:50:13:011,2439,130631,116912,13136,0,0,0
13:50:13:060,2488,130589,116899,13125,0,0,0
13:50:13:109,2536,130523,116858,13127,0,0,0
13:50:13:157,2584,130417,116843,13122,0,0,0
13:50:13:207,2633,130349,116805,13116,0,0,0
13:50:13:253,2681,130383,116842,13113,0,0,0
13:50:13:303,2730,130426,116861,13143,0,0,0
13:50:13:350,2778,130468,116860,13136,0,0,0
13:50:13:401,2826,130500,116868,13136,0,0,0
13:50:13:450,2875,130545,116900,13155,0,0,0
13:50:13:499,2923,130568,116887,13140,0,0,0
13:50:13:548,2971,130586,116901,13159,0,0,0
13:50:13:644,3020,130625,116902,13164,0,0,0
13:50:13:694,3068,130614,116905,13151,0,0,0
13:50:13:744,3117,130638,116894,13182,0,0,0
13:50:13:790,3165,130692,116875,13172,0,0,0
13:50:13:839,3214,130638,116892,13176,0,0,0
13:50:13:887,3310,130675,116883,13180,0,0,0
13:50:13:986,3358,130679,116906,13192,0,0,0
13:50:13:988,3407,130696,116898,13177,0,0,0
13:50:14:031,3455,130680,116864,13190,0,0,0
13:50:14:080,3504,130750,116894,13208,0,0,0
13:50:14:144,3552,130761,116886,13196,0,0,0
13:50:14:176,3600,130809,116890,13224,0,0,0
13:50:14:226,3649,130814,116879,13227,0,0,0
13:50:14:273,3697,130715,116885,13240,0,0,0
13:50:14:322,3746,130621,116835,13236,0,0,0
13:50:14:372,3794,130593,116834,13213,0,0,0
13:50:14:420,3843,130680,116817,13240,0,0,0
13:50:14:470,3891,130701,116854,13247,0,0,0
13:50:14:518,3939,130772,116854,13253,0,0,0
13:50:14:616,3988,130759,116847,13254,0,0,0
13:50:14:666,4036,130795,116841,13279,0,0,0
13:50:14:716,4085,130792,116840,13255,0,0,0
13:50:14:764,4133,130883,116832,13264,0,0,0
13:50:14:813,4181,130856,116842,13279,0,0,0
13:50:14:861,4278,130876,116838,13278,0,0,0
13:50:14:911,4326,130886,116824,13288,0,0,0
13:50:14:959,4375,130873,116819,13298,0,0,0
13:50:15:009,4423,130716,116770,13286,0,0,0
13:50:15:057,4471,130612,116743,13288,0,0,0
13:50:15:106,4520,130645,116758,13303,0,0,0
13:50:15:155,4568,130704,116759,13290,0,0,0
13:50:15:205,4617,130757,116783,13323,0,0,0
13:50:15:251,4665,130779,116757,13309,0,0,0
13:50:15:301,4713,130789,116773,13329,0,0,0
13:50:15:350,4762,130804,116743,13315,0,0,0
13:50:15:398,4822,130826,116747,13326,99,0,0
13:50:15:446,4859,130861,116756,13325,0,0,0
13:50:15:544,4907,130897,116741,13354,0,0,0
13:50:15:594,4955,130910,116743,13356,0,0,0
13:50:15:643,5004,130901,116723,13364,0,0,0
13:50:15:692,5052,130771,116684,13356,0,0,0
13:50:15:752,5101,130694,116667,13374,0,0,0
13:50:15:763,5197,130733,116659,13371,0,0,0
13:50:15:819,5246,130772,116680,13387,0,0,0
13:50:15:820,5294,130797,116682,13388,0,0,0
13:50:15:820,5343,130865,116705,13405,0,0,0
13:50:15:820,5402,130864,116697,13385,0,0,0
13:50:15:820,5424,130902,116686,13405,0,0,0
13:50:15:829,5446,130906,116670,13403,0,0,0
13:50:15:841,5467,130909,116674,13405,0,0,0
13:50:15:864,5489,130918,116671,13411,0,0,0
13:50:15:886,5511,130937,116691,13426,0,0,0
13:50:15:910,5532,130957,116665,13423,0,0,0
13:50:15:954,5554,130961,116603,13422,0,0,0
13:50:15:954,5576,130857,116619,13425,0,0,0
13:50:15:976,5597,130744,116594,13422,0,0,0
13:50:16:001,5619,130809,116612,13424,0,0,0
13:50:16:021,5641,130869,116610,13445,0,0,0
13:50:16:045,5662,130880,116614,13444,0,0,0
13:50:16:068,5684,130844,116614,13438,0,0,0
13:50:16:089,5705,130877,116589,13445,0,0,0
13:50:16:112,5727,130923,116618,13442,0,0,0
13:50:16:135,5748,130950,116596,13449,0,0,0
13:50:16:189,5770,130954,116598,13454,0,0,0
13:50:16:189,5791,130946,116593,13464,0,0,0
13:50:16:189,5813,130966,116594,13461,0,0,0
13:50:16:213,5834,130980,116589,13478,0,0,0
13:50:16:235,5856,130837,116572,13469,0,0,0
13:50:16:259,5877,130734,116499,13461,0,0,0
13:50:16:280,5899,130777,116546,13469,0,0,0
13:50:16:314,5920,130829,116544,13480,0,0,0
13:50:16:325,5942,130883,116563,13482,0,0,0
13:50:16:350,5963,130917,116551,13488,0,0,0
13:50:16:404,5985,130906,116553,13482,0,0,0
13:50:16:404,6006,130953,116531,13506,0,0,0
13:50:16:415,6028,130949,116540,13488,0,0,0
13:50:16:427,6049,130980,116550,13509,0,0,0
13:50:16:450,6071,131006,116545,13506,0,0,0
13:50:16:472,6093,131023,116538,13512,0,0,0
13:50:16:493,6114,131002,116538,13523,0,0,0
13:50:16:518,6136,130991,116547,13523,0,0,0
13:50:16:539,6157,130927,116507,13512,0,0,0
13:50:16:574,6179,130832,116493,13511,0,0,0
13:50:16:615,6200,130755,116475,13500,0,0,0
13:50:16:616,6222,130736,116456,13526,0,0,0
13:50:16:629,6243,130746,116428,13506,0,0,0
13:50:16:651,6265,130736,116467,13557,0,0,0
13:50:16:674,6286,130787,116462,13514,0,0,0
13:50:16:697,6308,130813,116455,13514,0,0,0
13:50:16:718,6329,130844,116486,13526,0,0,0
13:50:16:731,6351,130858,116488,13532,0,0,0
13:50:16:752,6373,130891,116502,13525,0,0,0
13:50:16:775,6394,130877,116498,13525,0,0,0
13:50:16:832,6416,130907,116481,13543,0,0,0
13:50:16:833,6437,130909,116507,13524,0,0,0
13:50:16:843,6459,130898,116484,13523,0,0,0
13:50:16:866,6480,130918,116497,13551,0,0,0
13:50:16:888,6502,130957,116465,13516,0,0,0
13:50:16:912,6523,130937,116470,13535,0,0,0
13:50:16:933,6545,130930,116485,13520,0,0,0
13:50:16:956,6567,130952,116482,13549,0,0,0
13:50:16:978,6588,130962,116465,13537,0,0,0
13:50:17:002,6610,130960,116488,13552,0,0,0
13:50:17:054,6631,130990,116482,13549,0,0,0
13:50:17:054,6653,130983,116481,13539,0,0,0
13:50:17:055,6675,131007,116479,13563,0,0,0
13:50:17:086,6696,130994,116485,13538,0,0,0
13:50:17:100,6718,131023,116468,13552,0,0,0
13:50:17:124,6739,131007,116502,13552,0,0,0
13:50:17:144,6761,131075,116464,13549,0,0,0
13:50:17:169,6782,130374,116477,13550,0,0,0
13:50:17:216,6826,130332,116451,13567,0,0,0
13:50:17:237,6847,130234,116430,13560,0,0,0
13:50:17:281,6869,130179,116425,13572,0,0,0
13:50:17:281,6890,130136,116400,13540,0,0,0
13:50:17:304,6912,130119,116414,13562,0,0,0
13:50:17:327,6933,130133,116434,13555,0,0,0
13:50:17:350,6955,130157,116413,13557,0,0,0
13:50:17:371,6977,130192,116428,13561,0,0,0
13:50:17:383,6998,130197,116422,13540,0,0,0
13:50:17:407,7020,130235,116411,13563,0,0,0
13:50:17:429,7041,130251,116436,13559,0,0,0
13:50:17:451,7063,130267,116440,13578,0,0,0
13:50:17:506,7084,130267,116432,13550,0,0,0
13:50:17:506,7106,130280,116427,13577,0,0,0
13:50:17:517,7127,130292,116439,13572,0,0,0
13:50:17:539,7149,130276,116425,13578,0,0,0
13:50:17:561,7170,130328,116425,13596,0,0,0
13:50:17:598,7192,130307,116427,13566,0,0,0
13:50:17:607,7213,130316,116434,13575,0,0,0
13:50:17:631,7235,130313,116425,13578,0,0,0
13:50:17:653,7256,130305,116428,13581,0,0,0
13:50:17:663,7278,130310,116431,13620,0,0,0
13:50:17:707,7300,130349,116427,13587,0,0,0
13:50:17:709,7321,130364,116441,13581,0,0,0
13:50:17:731,7343,130356,116441,13576,0,0,0
13:50:17:755,7364,130386,116430,13581,0,0,0
13:50:17:777,7386,130387,116425,13591,0,0,0
13:50:17:800,7407,130397,116425,13586,0,0,0
13:50:17:822,7429,130402,116409,13588,0,0,0
13:50:17:845,7451,130386,116426,13588,0,0,0
13:50:17:867,7472,130401,116440,13599,0,0,0
13:50:17:891,7494,130413,116455,13596,0,0,0
13:50:17:945,7515,130430,116412,13606,0,0,0
13:50:17:946,7537,130264,116385,13588,0,0,0
13:50:17:956,7558,130197,116372,13595,0,0,0
13:50:17:979,7580,130148,116355,13586,0,0,0
13:50:17:990,7601,130144,116357,13597,0,0,0
13:50:18:014,7623,130171,116386,13582,0,0,0
13:50:18:036,7645,130191,116371,13586,0,0,0
13:50:18:059,7666,130234,116373,13600,0,0,0
13:50:18:080,7688,130212,116372,13587,0,0,0
13:50:18:104,7709,130239,116369,13591,0,0,0
13:50:18:148,7731,130273,116382,13593,0,0,0
13:50:18:148,7752,130300,116430,13592,0,0,0
13:50:18:171,7774,130286,116383,13597,0,0,0
13:50:18:204,7807,130314,116384,13613,97,86,null
13:50:18:226,7828,130321,116386,13609,0,0,0
13:50:18:249,7850,130306,116383,13611,0,0,0
13:50:18:272,7871,130315,116381,13606,0,0,0
13:50:18:295,7893,130321,116381,13599,0,0,0
13:50:18:306,7914,130365,116401,13613,0,0,0
13:50:18:328,7936,130356,116393,13616,0,0,0
13:50:18:383,7957,130347,116382,13614,0,0,0
13:50:18:383,7979,130363,116379,13623,0,0,0
13:50:18:407,8000,130362,116375,13621,0,0,0
13:50:18:418,8022,130377,116380,13615,0,0,0
13:50:18:440,8044,130327,116389,13621,0,0,0
13:50:18:463,8065,130405,116376,13628,0,0,0
13:50:18:487,8087,130400,116384,13625,0,0,0
13:50:18:519,8108,130414,116356,13637,0,0,0
13:50:18:530,8130,130427,116394,13630,0,0,0
13:50:18:564,8152,130429,116384,13620,0,0,0
13:50:18:617,8173,130452,116381,13644,0,0,0
13:50:18:617,8195,130427,116391,13620,0,0,0
13:50:18:619,8216,130429,116369,13633,0,0,0
13:50:18:631,8238,130423,116383,13631,0,0,0
13:50:18:654,8259,130353,116365,13628,0,0,0
13:50:18:678,8281,130278,116317,13633,0,0,0
13:50:18:699,8302,130170,116318,13657,0,0,0
13:50:18:722,8324,130190,116310,13623,0,0,0
13:50:18:744,8345,130204,116314,13626,0,0,0
13:50:18:768,8367,130250,116335,13635,0,0,0
13:50:18:829,8389,130254,116334,13630,0,0,0
13:50:18:829,8410,130304,116345,13634,0,0,0
13:50:18:834,8432,130322,116355,13633,0,0,0
13:50:18:855,8453,130327,116346,13635,0,0,0
13:50:18:880,8475,130330,116347,13653,0,0,0
13:50:18:900,8497,130363,116346,13628,0,0,0
13:50:18:925,8518,130349,116358,13642,0,0,0
13:50:18:935,8540,130359,116343,13645,0,0,0
13:50:18:959,8561,130376,116339,13643,0,0,0
13:50:18:981,8583,130374,116346,13638,0,0,0
13:50:19:033,8604,130381,116320,13637,0,0,0
13:50:19:033,8626,130381,116338,13644,0,0,0
13:50:19:049,8647,130390,116323,13647,0,0,0
13:50:19:070,8669,130392,116343,13686,0,0,0
13:50:19:094,8690,130434,116339,13657,0,0,0
13:50:19:115,8712,130443,116359,13657,0,0,0
13:50:19:138,8733,130435,116355,13655,0,0,0
13:50:19:160,8755,130466,116373,13669,0,0,0
13:50:19:184,8777,130450,116367,13654,0,0,0
13:50:19:206,8798,130485,116346,13665,0,0,0
13:50:19:264,8820,130483,116361,13662,0,0,0
13:50:19:264,8841,130478,116354,13663,0,0,0
13:50:19:265,8863,130501,116363,13666,0,0,0
13:50:19:283,8884,130458,116374,13649,0,0,0
13:50:19:309,8906,130422,116328,13679,0,0,0
13:50:19:328,8927,130311,116299,13659,0,0,0
13:50:19:353,8949,130241,116285,13661,0,0,0
13:50:19:374,8970,130213,116283,13648,0,0,0
13:50:19:396,8992,130228,116282,13664,0,0,0
13:50:19:418,9014,130257,116292,13653,0,0,0
13:50:19:462,9035,130276,116293,13648,0,0,0
13:50:19:463,9057,130308,116302,13676,0,0,0
13:50:19:487,9078,130301,116304,13647,0,0,0
13:50:19:510,9100,130329,116306,13684,0,0,0
13:50:19:543,9121,130341,116306,13669,0,0,0
13:50:19:563,9143,130372,116323,13664,0,0,0
13:50:19:575,9165,130350,116322,13717,0,0,0
13:50:19:588,9186,130378,116319,13684,0,0,0
13:50:19:610,9208,130377,116322,13659,0,0,0
13:50:19:645,9229,130364,116301,13653,0,0,0
13:50:19:699,9251,130393,116326,13671,0,0,0
13:50:19:699,9272,130410,116324,13654,0,0,0
13:50:19:699,9294,130419,116322,13681,0,0,0
13:50:19:723,9315,130432,116330,13672,0,0,0
13:50:19:747,9337,130462,116319,13667,0,0,0
13:50:19:768,9358,130479,116348,13684,0,0,0
13:50:19:791,9380,130505,116351,13680,0,0,0
13:50:19:813,9401,130497,116330,13689,0,0,0
13:50:19:835,9423,130480,116361,13729,0,0,0
13:50:19:847,9444,130581,116384,13683,0,0,0
13:50:19:888,9466,130584,116392,13686,0,0,0
13:50:19:891,9487,130597,116398,13708,0,0,0
13:50:19:911,9509,130632,116404,13697,0,0,0
13:50:19:936,9530,130613,116416,13696,0,0,0
13:50:19:958,9552,130643,116431,13706,0,0,0
13:50:19:982,9573,130616,116412,13697,0,0,0
13:50:20:004,9595,130581,116413,13707,0,0,0
13:50:20:027,9616,130472,116387,13705,0,0,0
13:50:20:045,9638,130353,116341,13700,0,0,0
13:50:20:072,9659,130289,116276,13683,0,0,0
13:50:20:122,9681,130205,116319,13658,0,0,0
13:50:20:122,9703,130266,116327,13684,0,0,0
13:50:20:137,9724,130296,116323,13695,0,0,0
13:50:20:148,9746,130325,116354,13688,0,0,0
13:50:20:171,9768,130309,116342,13693,0,0,0
13:50:20:194,9789,130360,116331,13698,0,0,0
13:50:20:217,9811,130384,116360,13696,0,0,0
13:50:20:241,9832,130393,116352,13688,0,0,0
13:50:20:263,9854,130408,116367,13689,0,0,0
13:50:20:286,9875,130406,116369,13692,0,0,0
13:50:20:337,9897,130438,116411,13702,0,0,0
13:50:20:337,9918,130419,116362,13699,0,0,0
13:50:20:367,9940,130444,116356,13707,0,0,0
13:50:20:375,9961,130450,116368,13706,0,0,0
13:50:20:397,9983,130471,116365,13718,0,0,0
13:50:20:431,10004,130481,116372,13714,0,0,0
13:50:20:441,10026,130489,116364,13709,0,0,0
13:50:20:465,10047,130495,116374,13713,0,0,0
13:50:20:477,10069,130507,116372,13712,0,0,0
13:50:20:499,10091,130522,116384,13723,0,0,0
13:50:20:551,10112,130536,116361,13722,0,0,0
13:50:20:551,10134,130527,116358,13720,0,0,0
13:50:20:567,10155,130549,116429,13718,0,0,0
13:50:20:588,10177,130488,116358,13728,0,0,0
13:50:20:612,10199,130561,116378,13724,0,0,0
13:50:20:634,10220,130572,116379,13733,0,0,0
13:50:20:669,10242,130584,116375,13737,0,0,0
13:50:20:680,10263,130520,116358,13728,0,0,0
13:50:20:702,10285,130433,116313,13730,0,0,0
13:50:20:724,10306,130352,116304,13725,0,0,0
13:50:20:767,10328,130303,116288,13714,0,0,0
13:50:20:768,10349,130293,116293,13727,0,0,0
13:50:20:780,10371,130273,116292,13722,0,0,0
13:50:20:803,10392,130290,116272,13718,0,0,0
13:50:20:826,10414,130310,116337,13716,0,0,0
13:50:20:848,10435,130293,116294,13724,0,0,0
13:50:20:872,10457,130359,116307,13713,0,0,0
13:50:20:893,10478,130398,116304,13738,0,0,0
13:50:20:916,10500,130417,116325,13732,0,0,0
13:50:20:937,10521,130430,116297,13737,0,0,0
13:50:20:983,10543,130464,116306,13742,0,0,0
13:50:20:984,10565,130457,116323,13735,0,0,0
13:50:21:006,10586,130446,116300,13750,0,0,0
13:50:21:028,10608,130448,116317,13740,0,0,0
13:50:21:051,10630,130439,116298,13745,0,0,0
13:50:21:073,10651,130475,116320,13741,0,0,0
13:50:21:084,10673,130484,116319,13735,0,0,0
13:50:21:107,10695,130455,116321,13777,0,0,0
13:50:21:130,10716,130510,116308,13752,0,0,0
13:50:21:164,10738,130543,116341,13752,0,0,0
13:50:21:216,10759,130532,116314,13745,0,0,0
13:50:21:216,10781,130551,116329,13758,0,0,0
13:50:21:231,10813,130559,116323,13768,100,0,0
13:50:21:253,10835,130557,116319,13752,0,0,0
13:50:21:276,10857,130588,116329,13759,0,0,0
13:50:21:299,10878,130580,116307,13747,0,0,0
13:50:21:321,10900,130594,116306,13763,0,0,0
13:50:21:344,10922,130588,116332,13760,0,0,0
13:50:21:367,10944,130581,116304,13777,0,0,0
13:50:21:391,10965,130530,116288,13757,0,0,0
13:50:21:438,10987,130471,116262,13766,0,0,0
13:50:21:438,11009,130358,116250,13754,0,0,0
13:50:21:443,11030,130280,116231,13775,0,0,0
13:50:21:467,11052,130290,116236,13753,0,0,0
13:50:21:490,11073,130299,116233,13744,0,0,0
13:50:21:512,11095,130336,116257,13764,0,0,0
13:50:21:535,11116,130358,116255,13757,0,0,0
13:50:21:567,11138,130370,116251,13766,0,0,0
13:50:21:579,11160,130395,116275,13756,0,0,0
13:50:21:603,11181,130397,116266,13776,0,0,0
13:50:21:656,11203,130485,116228,13779,0,0,0
13:50:21:656,11224,130452,116266,13774,0,0,0
13:50:21:669,11246,130468,116287,13779,0,0,0
13:50:21:692,11267,130452,116269,13762,0,0,0
13:50:21:714,11289,130476,116273,13776,0,0,0
13:50:21:739,11310,130476,116268,13771,0,0,0
13:50:21:748,11332,130483,116263,13780,0,0,0
13:50:21:771,11353,130489,116280,13777,0,0,0
13:50:21:793,11375,130495,116284,13765,0,0,0
13:50:21:817,11396,130523,116267,13792,0,0,0
13:50:21:870,11418,130525,116303,13784,0,0,0
13:50:21:870,11439,130534,116244,13782,0,0,0
13:50:21:882,11461,130546,116288,13807,0,0,0
13:50:21:907,11482,130559,116275,13781,0,0,0
13:50:21:927,11504,130563,116264,13790,0,0,0
13:50:21:951,11525,130572,116273,13793,0,0,0
13:50:21:972,11547,130588,116255,13796,0,0,0
13:50:21:996,11568,130553,116274,13835,0,0,0
13:50:22:017,11590,130582,116277,13787,0,0,0
13:50:22:029,11611,130595,116263,13796,0,0,0
13:50:22:084,11633,130548,116270,13797,0,0,0
13:50:22:084,11655,130440,116242,13792,0,0,0
13:50:22:097,11676,130379,116224,13799,0,0,0
13:50:22:119,11698,130333,116210,13790,0,0,0
13:50:22:143,11719,130331,116200,13799,0,0,0
13:50:22:164,11741,130356,116215,13781,0,0,0
13:50:22:188,11762,130382,116236,13780,0,0,0
13:50:22:211,11784,130389,116186,13799,0,0,0
13:50:22:233,11805,130366,116233,13814,0,0,0
13:50:22:254,11827,130450,116252,13812,0,0,0
13:50:22:302,11849,130490,116231,13804,0,0,0
13:50:22:302,11870,130496,116238,13805,0,0,0
13:50:22:322,11892,130498,116239,13791,0,0,0
13:50:22:356,11913,130496,116236,13814,0,0,0
13:50:22:366,11935,130499,116252,13807,0,0,0
13:50:22:377,11957,130483,116239,13803,0,0,0
13:50:22:401,11978,130513,116247,13819,0,0,0
13:50:22:424,12000,130514,116242,13795,0,0,0
13:50:22:458,12021,130523,116241,13821,0,0,0
13:50:22:469,12043,130549,116194,13818,0,0,0
13:50:22:525,12064,130538,116242,13819,0,0,0
13:50:22:525,12086,130565,116240,13806,0,0,0
13:50:22:535,12108,130567,116246,13819,0,0,0
13:50:22:568,12129,130587,116251,13820,0,0,0
13:50:22:581,12151,130581,116240,13805,0,0,0
13:50:22:614,12172,130598,116255,13834,0,0,0
13:50:22:627,12194,130613,116236,13808,0,0,0
13:50:22:647,12216,130615,116241,13828,0,0,0
13:50:22:671,12237,130634,116261,13838,0,0,0
13:50:22:682,12259,130612,116253,13811,0,0,0
13:50:22:728,12281,130617,116238,13840,0,0,0
13:50:22:728,12302,130577,116224,13806,0,0,0
13:50:22:750,12324,130504,116201,13850,0,0,0
13:50:22:772,12346,130342,116174,13821,0,0,0
13:50:22:793,12367,130316,116169,13820,0,0,0
13:50:22:816,12389,130329,116159,13808,0,0,0
13:50:22:835,12410,130338,116170,13825,0,0,0
13:50:22:862,12432,130362,116179,13803,0,0,0
13:50:22:885,12453,130367,116178,13804,0,0,0
13:50:22:909,12475,130410,116186,13828,0,0,0
13:50:22:961,12496,130430,116184,13806,0,0,0
13:50:22:961,12518,130440,116199,13827,0,0,0
13:50:22:975,12539,130487,116229,13818,0,0,0
13:50:22:985,12561,130520,116207,13815,0,0,0
13:50:23:008,12583,130499,116212,13822,0,0,0
13:50:23:031,12604,130487,116209,13826,0,0,0
13:50:23:054,12626,130505,116220,13837,0,0,0
13:50:23:075,12647,130500,116214,13816,0,0,0
13:50:23:099,12669,130508,116209,13834,0,0,0
13:50:23:121,12690,130515,116217,13827,0,0,0
13:50:23:177,12712,130520,116195,13833,0,0,0
13:50:23:177,12733,130543,116227,13843,0,0,0
13:50:23:188,12755,130549,116197,13831,0,0,0
13:50:23:211,12777,130573,116229,13838,0,0,0
13:50:23:233,12798,130575,116208,13837,0,0,0
13:50:23:253,12820,130559,116227,13881,0,0,0
13:50:23:277,12841,130593,116230,13845,0,0,0
13:50:23:300,12863,130621,116237,13848,0,0,0
13:50:23:312,12885,130623,116238,13844,0,0,0
13:50:23:334,12907,130610,116210,13833,0,0,0
13:50:23:381,12928,130622,116233,13848,0,0,0
13:50:23:381,12950,130596,116215,13845,0,0,0
13:50:23:401,12971,130550,116191,13847,0,0,0
13:50:23:426,12993,130429,116176,13824,0,0,0
13:50:23:447,13015,130315,116120,13822,0,0,0
13:50:23:469,13036,130253,116162,13819,0,0,0
13:50:23:493,13058,130183,116105,13815,0,0,0
13:50:23:514,13080,130257,116118,13822,0,0,0
13:50:23:538,13101,130306,116136,13830,0,0,0
13:50:23:570,13123,130319,116144,13841,0,0,0
13:50:23:626,13144,130324,116142,13835,0,0,0
13:50:23:627,13166,130352,116140,13840,0,0,0
13:50:23:627,13188,130377,116151,13825,0,0,0
13:50:23:658,13210,130387,116147,13854,0,0,0
13:50:23:671,13231,130438,116157,13841,0,0,0
13:50:23:683,13253,130423,116161,13836,0,0,0
13:50:23:705,13275,130421,116158,13849,0,0,0
13:50:23:728,13296,130407,116118,13838,0,0,0
13:50:23:751,13318,130365,116148,13890,0,0,0
13:50:23:775,13339,130420,116137,13840,0,0,0
13:50:23:822,13361,130466,116165,13864,0,0,0
13:50:23:822,13382,130473,116150,13849,0,0,0
13:50:23:841,13404,130468,116169,13853,0,0,0
13:50:23:864,13425,130502,116165,13853,0,0,0
13:50:23:886,13447,130487,116149,13845,0,0,0
13:50:23:909,13468,130536,116163,13860,0,0,0
13:50:23:931,13490,130525,116160,13843,0,0,0
13:50:23:954,13511,130533,116158,13867,0,0,0
13:50:23:976,13533,130538,116166,13865,0,0,0
13:50:23:988,13555,130569,116105,13864,0,0,0
13:50:24:044,13576,130576,116182,13857,0,0,0
13:50:24:044,13598,130571,116167,13873,0,0,0
13:50:24:054,13619,130553,116177,13864,0,0,0
13:50:24:077,13641,130472,116149,13848,0,0,0
13:50:24:099,13663,130380,116137,13858,0,0,0
13:50:24:123,13684,130273,116083,13842,0,0,0
13:50:24:145,13706,130205,116058,13847,0,0,0
13:50:24:167,13727,130177,116058,13841,0,0,0
13:50:24:190,13749,130181,116051,13848,0,0,0
13:50:24:219,13770,130227,116075,13855,0,0,0
13:50:24:260,13803,130286,116029,13843,98,86,0
13:50:24:267,13825,130290,116070,13846,0,0,0
13:50:24:293,13846,130329,116093,13849,0,0,0
13:50:24:301,13868,130349,116120,13875,0,0,0
13:50:24:325,13889,130367,116123,13856,0,0,0
13:50:24:348,13911,130393,116099,13860,0,0,0
13:50:24:370,13932,130395,116113,13866,0,0,0
13:50:24:402,13954,130402,116128,13865,0,0,0
13:50:24:416,13976,130395,116126,13863,0,0,0
13:50:24:438,13997,130416,116109,13852,0,0,0
13:50:24:495,14019,130420,116098,13869,0,0,0
13:50:24:495,14041,130435,116095,13853,0,0,0
13:50:24:504,14062,130415,116099,13906,0,0,0
13:50:24:527,14084,130488,116121,13868,0,0,0
13:50:24:549,14105,130497,116130,13882,0,0,0
13:50:24:572,14127,130491,116138,13881,0,0,0
13:50:24:596,14148,130514,116123,13890,0,0,0
13:50:24:620,14170,130528,116124,13888,0,0,0
13:50:24:628,14191,130544,116126,13874,0,0,0
13:50:24:651,14213,130538,116107,13877,0,0,013:50:24:699,14234,130549,116137,13889,0,0,0
13:50:24:699,14256,130547,116119,13881,0,0,0
13:50:24:725,14277,130579,116141,13887,0,0,0
13:50:24:740,14299,130623,116101,13877,0,0,0
13:50:24:763,14321,130573,116129,13904,0,0,0
13:50:24:786,14342,130496,116113,13888,0,0,0
13:50:24:807,14364,130432,116082,13892,0,0,0
13:50:24:831,14385,130315,116052,13876,0,0,0
13:50:24:853,14407,130253,116040,13876,0,0,0
13:50:24:877,14428,130244,116054,13867,0,0,0
13:50:24:926,14450,130252,116043,13861,0,0,0
13:50:24:926,14471,130301,116045,13867,0,0,0
13:50:24:932,14493,130323,116065,13874,0,0,0
13:50:24:955,14514,130382,116084,13877,0,0,0
13:50:24:976,14536,130372,116076,13884,0,0,0
13:50:25:000,14557,130404,116094,13880,0,0,0
13:50:25:021,14579,130401,116080,13873,0,0,0
13:50:25:046,14600,130412,116083,13904,0,0,0
13:50:25:064,14622,130416,116086,13885,0,0,0
13:50:25:091,14644,130402,116108,13872,0,0,0
13:50:25:143,14665,130404,116080,13900,0,0,0
13:50:25:143,14687,130425,116072,13888,0,0,0
13:50:25:156,14708,130445,116087,13890,0,0,0
13:50:25:180,14730,130453,116092,13887,0,0,0
13:50:25:201,14751,130487,116101,13909,0,0,0
13:50:25:225,14773,130476,116100,13887,0,0,0
13:50:25:236,14794,130503,116104,13904,0,0,0
13:50:25:271,14816,130522,116107,13895,0,0,0
13:50:25:280,14837,130527,116115,13900,0,0,0
13:50:25:304,14859,130565,116111,13907,0,0,0
13:50:25:349,14880,130560,116123,13896,0,0,0
13:50:25:349,14902,130570,116109,13919,0,0,0
13:50:25:371,14923,130548,116120,13900,0,0,0
13:50:25:393,14945,130597,116139,13910,0,0,0
13:50:25:415,14966,130607,116119,13898,0,0,0
13:50:25:439,14988,130597,116111,13914,0,0,0
13:50:25:460,15009,130555,116116,13907,0,0,0
13:50:25:483,15031,130491,116077,13912,0,0,0
13:50:25:517,15052,130395,116065,13913,0,0,0
13:50:25:527,15074,130316,116052,13897,0,0,0
13:50:25:577,15095,130289,116035,13910,0,0,0
13:50:25:578,15117,130301,116050,13895,0,0,0
13:50:25:583,15138,130319,116042,13902,0,0,0
13:50:25:609,15160,130332,116039,13887,0,0,0
13:50:25:629,15181,130372,116077,13910,0,0,0
13:50:25:652,15203,130413,116078,13912,0,0,0
13:50:25:674,15224,130439,116071,13914,0,0,0
13:50:25:697,15246,130476,116093,13908,0,0,0
13:50:25:718,15268,130481,116096,13903,0,0,0
13:50:25:743,15289,130492,116084,13912,0,0,0
13:50:25:794,15311,130493,116090,13907,0,0,0
13:50:25:794,15332,130496,116080,13919,0,0,0
13:50:25:809,15354,130512,116091,13930,0,0,0
13:50:25:831,15376,130505,116075,13907,0,0,0
13:50:25:843,15397,130522,116073,13919,0,0,0
13:50:25:866,15419,130546,116051,13910,0,0,0
13:50:25:888,15440,130551,116084,13933,0,0,0
13:50:25:913,15462,130567,116097,13908,0,0,0
13:50:25:934,15483,130589,116086,13929,0,0,0
13:50:25:958,15505,130593,116096,13928,0,0,0
13:50:26:008,15526,130604,116103,13925,0,0,0
13:50:26:011,15548,130618,116096,13927,0,0,0
13:50:26:023,15569,130616,116092,13924,0,0,0
13:50:26:046,15591,130617,116084,13936,0,0,0
13:50:26:069,15613,130640,116092,13927,0,0,0
13:50:26:092,15634,130634,116091,13927,0,0,0
13:50:26:115,15656,130650,116099,13933,0,0,0
13:50:26:136,15677,130657,116055,13936,0,0,0
13:50:26:147,15699,130623,116085,13957,0,0,0
13:50:26:170,15720,130488,116049,13923,0,0,0
13:50:26:222,15742,130413,116043,13931,0,0,0
13:50:26:223,15763,130356,116018,13920,0,0,0
13:50:26:239,15785,130380,116016,13929,0,0,0
13:50:26:260,15807,130402,116037,13909,0,0,0
13:50:26:283,15828,130434,116035,13914,0,0,0
13:50:26:304,15850,130475,116059,13928,0,0,0
13:50:26:328,15871,130471,116055,13921,0,0,0
13:50:26:351,15893,130510,116061,13944,0,0,0
13:50:26:374,15915,130545,116076,13929,0,0,0
13:50:26:395,15936,130553,116030,13937,0,0,0
13:50:26:435,15958,130576,116069,13940,0,0,0
13:50:26:438,15979,130580,116083,13951,0,0,0
13:50:26:464,16001,130601,116088,13939,0,0,0
13:50:26:473,16023,130596,116078,13937,0,0,0
13:50:26:507,16044,130614,116093,13956,0,0,0
13:50:26:518,16066,130598,116067,13944,0,0,0
13:50:26:541,16087,130626,116081,13949,0,0,0
13:50:26:574,16109,130620,116081,13943,0,0,0
13:50:26:586,16130,130629,116082,13953,0,0,0
13:50:26:609,16152,130661,116088,13955,0,0,0
13:50:26:665,16174,130654,116096,13940,0,0,0
13:50:26:665,16195,130670,116091,13966,0,0,0
13:50:26:676,16217,130660,116077,13959,0,0,0
13:50:26:699,16238,130682,116095,13959,0,0,0
13:50:26:720,16260,130672,116071,13947,0,0,0
13:50:26:744,16281,130699,116085,13964,0,0,0
13:50:26:766,16303,130701,116079,13953,0,0,0
13:50:26:777,16324,130700,116066,13969,0,0,0
13:50:26:799,16346,130700,116075,13967,0,0,0
13:50:26:822,16368,130708,116074,13953,0,0,0
13:50:26:861,16389,130695,116064,13967,0,0,0
13:50:26:866,16411,130612,116057,13944,0,0,0
13:50:26:889,16433,130520,116033,13957,0,0,0
13:50:26:914,16454,130445,116017,13964,0,0,0
13:50:26:936,16476,130457,116006,13959,0,0,0
13:50:26:959,16498,130491,116027,13945,0,0,0
13:50:26:980,16519,130509,116004,13966,0,0,0
13:50:27:003,16541,130534,116048,13949,0,0,0
13:50:27:025,16562,130537,116037,13954,0,0,0
13:50:27:049,16584,130561,116052,13967,0,0,0
13:50:27:097,16605,130590,116049,13964,0,0,0
13:50:27:097,16627,130597,116053,13961,0,0,0
13:50:27:102,16648,130610,116051,13968,0,0,0
13:50:27:126,16670,130632,116046,13957,0,0,0
13:50:27:149,16691,130680,116053,13967,0,0,0
13:50:27:181,16713,130623,116033,13962,0,0,0
13:50:27:192,16734,130622,116046,13960,0,0,0
13:50:27:216,16756,130632,116040,13958,0,0,0
13:50:27:238,16777,130661,116051,13965,0,0,0
13:50:27:272,16810,130689,116057,13949,99,81,0
13:50:27:319,16832,130688,116047,13984,0,0,0
13:50:27:320,16854,130695,116062,13967,0,0,0
13:50:27:339,16875,130683,116040,13968,0,0,0
13:50:27:374,16897,130694,116056,13973,0,0,0
13:50:27:384,16918,130704,116051,13975,0,0,0
13:50:27:408,16940,130724,116095,13978,0,0,0
13:50:27:428,16962,130696,116078,13996,0,0,0
13:50:27:441,16983,130745,116031,13988,0,0,0
13:50:27:464,17005,130745,116046,13975,0,0,0
13:50:27:497,17027,130738,116039,13978,0,0,0
13:50:27:550,17048,130764,116057,13988,0,0,0
13:50:27:550,17070,130747,116042,13972,0,0,0
13:50:27:552,17091,130721,116060,13985,0,0,0
13:50:27:574,17113,130662,116033,13975,0,0,0
13:50:27:599,17135,130578,115994,13988,0,0,0
13:50:27:621,17157,130530,115986,13961,0,0,0
13:50:27:644,17178,130486,115998,13972,0,0,0
13:50:27:666,17200,130469,116000,13977,0,0,0
13:50:27:689,17222,130555,116005,13974,0,0,0
13:50:27:711,17243,130590,116020,13985,0,0,0
13:50:27:754,17265,130603,116020,13977,0,0,0
13:50:27:754,17286,130640,116028,13995,0,0,0
13:50:27:768,17308,130661,116026,13971,0,0,0
13:50:27:791,17329,130668,116039,13986,0,0,0
13:50:27:812,17351,130679,116042,13991,0,0,0
13:50:27:833,17372,130662,116025,13984,0,0,0
13:50:27:858,17394,130682,116017,13984,0,0,0
13:50:27:880,17416,130671,116022,13981,0,0,0
13:50:27:903,17437,130681,116014,13983,0,0,0
13:50:27:925,17459,130749,116032,13990,0,0,0
13:50:27:974,17480,130708,116023,13986,0,0,0
13:50:27:974,17502,130722,116045,13989,0,0,0
13:50:28:003,17524,130724,116032,13998,0,0,0
13:50:28:013,17545,130740,116045,14002,0,0,0
13:50:28:036,17567,130692,116032,13993,0,0,0
13:50:28:059,17588,130765,116030,13977,0,0,0
13:50:28:082,17610,130761,116038,14003,0,0,0
13:50:28:093,17631,130778,116047,14003,0,0,0
13:50:28:115,17653,130789,116040,14004,0,0,0
13:50:28:139,17674,130804,116038,14008,0,0,0
13:50:28:183,17696,130786,116030,13998,0,0,0
13:50:28:183,17717,130795,116027,14004,0,0,0
13:50:28:205,17739,130798,116030,14005,0,0,0
13:50:28:231,17760,130780,116027,14002,0,0,0
13:50:28:251,17782,130801,116038,14025,0,0,0
13:50:28:273,17803,130794,116007,13993,0,0,0
13:50:28:297,17825,130635,115986,14002,0,0,0
13:50:28:319,17846,130585,115982,13994,0,0,0
13:50:28:341,17868,130587,115985,13995,0,0,0
13:50:28:364,17889,130585,115980,13992,0,0,0
13:50:28:418,17911,130625,115993,14004,0,0,0
13:50:28:418,17932,130649,116008,13988,0,0,0
13:50:28:419,17954,130666,115988,14000,0,0,0
13:50:28:453,17975,130673,115994,14003,0,0,0
13:50:28:465,17997,130691,115988,13999,0,0,0
13:50:28:487,18018,130721,115999,14020,0,0,0
13:50:28:521,18040,130732,116003,14006,0,0,0
13:50:28:543,18061,130669,116002,14048,0,0,0
13:50:28:555,18083,130724,116019,14002,0,0,0
13:50:28:589,18105,130738,116000,14021,0,0,0
13:50:28:630,18126,130755,116017,14008,0,0,0
13:50:28:630,18148,130739,115993,14010,0,0,0
13:50:28:644,18169,130747,116011,14023,0,0,0
13:50:28:669,18191,130763,116005,14011,0,0,0
13:50:28:691,18213,130764,115998,14027,0,0,0
13:50:28:701,18234,130778,116017,14017,0,0,0
13:50:28:724,18256,130781,116006,14023,0,0,0
13:50:28:746,18277,130787,116009,14030,0,0,0
13:50:28:768,18299,130830,115975,14011,0,0,0
13:50:28:791,18320,130810,115989,14035,0,0,0
13:50:28:847,18342,130819,116021,14016,0,0,0
13:50:28:847,18363,130835,116011,14027,0,0,0
13:50:28:859,18385,130840,116003,14019,0,0,0
13:50:28:880,18406,130835,115996,14024,0,0,0
13:50:28:904,18428,130828,116005,14016,0,0,0
13:50:28:926,18449,130817,116003,14030,0,0,0
13:50:28:949,18471,130820,116007,14030,0,0,0
13:50:28:971,18493,130767,115982,14013,0,0,0
13:50:28:995,18514,130698,115972,14032,0,0,0
13:50:29:005,18536,130681,115965,14025,0,0,0
13:50:29:056,18558,130664,115921,14017,0,0,0
13:50:29:056,18579,130672,115951,14008,0,0,0
13:50:29:072,18601,130693,115956,14030,0,0,0
13:50:29:094,18622,130710,115964,14026,0,0,0
13:50:29:128,18644,130738,115953,14025,0,0,0
13:50:29:139,18665,130757,115969,14034,0,0,0
13:50:29:163,18687,130749,115974,14024,0,0,0
13:50:29:185,18708,130751,115964,14034,0,0,0
13:50:29:209,18730,130772,115980,14024,0,0,0
13:50:29:230,18751,130768,115969,14032,0,0,0
13:50:29:286,18773,130781,115984,14050,0,0,0
13:50:29:286,18795,130778,115960,14033,0,0,0
13:50:29:299,18816,130811,115943,14049,0,0,0
13:50:29:319,18838,130773,115958,14047,0,0,0
13:50:29:331,18860,130810,115980,14042,0,0,0
13:50:29:364,18881,130805,115968,14041,0,0,0
13:50:29:375,18903,130827,115982,14055,0,0,0
13:50:29:398,18924,130824,115984,14034,0,0,0
13:50:29:422,18946,130807,115960,14055,0,0,0
13:50:29:444,18967,130836,115980,14050,0,0,0
13:50:29:494,18989,130829,115985,14047,0,0,0
13:50:29:494,19010,130830,115979,14049,0,0,0
13:50:29:513,19032,130846,115988,14049,0,0,0
13:50:29:534,19053,130852,115993,14053,0,0,0
13:50:29:556,19075,130814,115959,14057,0,0,0
13:50:29:579,19096,130851,115963,14059,0,0,0
13:50:29:602,19118,130860,115973,14047,0,0,0
13:50:29:623,19140,130823,115963,14049,0,0,0
13:50:29:636,19161,130776,115955,14055,0,0,0
13:50:29:657,19183,130716,115920,14040,0,0,0
13:50:29:717,19205,130717,115933,14053,0,0,0
13:50:29:718,19226,130679,115940,14036,0,0,0
13:50:29:724,19248,130686,115910,14049,0,0,0
13:50:29:759,19270,130744,115959,14051,0,0,0
13:50:29:769,19291,130740,115956,14031,0,0,0
13:50:29:792,19313,130762,115931,14055,0,0,0
13:50:29:815,19334,130756,115950,14067,0,0,0
13:50:29:837,19356,130817,115971,14061,0,0,0
13:50:29:860,19378,130814,115953,14037,0,0,0
13:50:29:883,19399,130799,115940,14059,0,0,0
13:50:29:934,19421,130810,115967,14050,0,0,0
13:50:29:934,19442,130814,115958,14049,0,0,0
13:50:29:951,19464,130806,115955,14051,0,0,0
13:50:29:960,19486,130798,115954,14059,0,0,0
13:50:29:984,19507,130811,115943,14054,0,0,0
13:50:30:005,19529,130824,115960,14051,0,0,0
13:50:30:029,19550,130831,115977,14067,0,0,0
13:50:30:050,19572,130846,115942,14066,0,0,0
13:50:30:070,19594,130869,115955,14073,0,0,0
13:50:30:096,19615,130876,115970,14060,0,0,0
13:50:30:155,19637,130880,115960,14070,0,0,0
13:50:30:155,19658,130902,115968,14070,0,0,0
13:50:30:164,19680,130865,115967,14071,0,0,0
13:50:30:185,19701,130915,115974,14073,0,0,0
13:50:30:209,19723,130899,115970,14075,0,0,0
13:50:30:232,19744,130905,115951,14081,0,0,0
13:50:30:254,19766,130912,115963,14065,0,0,0
13:50:30:264,19787,130900,115959,14072,0,0,0
13:50:30:299,19820,130914,115980,14080,100,0,0
13:50:30:322,19842,130846,115944,14082,0,0,0
13:50:30:364,19864,130747,115936,14081,0,0,0
13:50:30:364,19885,130707,115900,14056,0,0,0
13:50:30:390,19907,130716,115904,14070,0,0,0
13:50:30:411,19928,130712,115915,14060,0,0,0
13:50:30:434,19950,130738,115916,14067,0,0,0
13:50:30:452,19972,130752,115926,14075,0,0,0
13:50:30:476,19993,130761,115910,14063,0,0,0
13:50:30:498,20015,130769,115913,14073,0,0,0
13:50:30:523,20036,130770,115928,14065,0,0,0
13:50:30:544,20058,130792,115930,14078,0,0,0
13:50:30:577,20079,130780,115952,14076,0,0,0
13:50:30:589,20101,130814,115928,14074,0,0,0
13:50:30:600,20122,130803,115935,14066,0,0,0
13:50:30:623,20144,130799,115907,14075,0,0,0
13:50:30:646,20166,130834,115930,14074,0,0,0
13:50:30:667,20187,130815,115924,14073,0,0,0
13:50:30:692,20209,130858,115949,14079,0,0,0
13:50:30:714,20230,130861,115937,14082,0,0,0
13:50:30:737,20252,130865,115925,14078,0,0,0
13:50:30:759,20273,130856,115943,14090,0,0,0
13:50:30:801,20295,130854,115935,14074,0,0,0
13:50:30:802,20316,130858,115876,14093,0,0,0
13:50:30:825,20338,130861,115925,14106,0,0,0
13:50:30:848,20360,130893,115924,14097,0,0,0
13:50:30:871,20381,130899,115920,14074,0,0,0
13:50:30:893,20403,130918,115939,14099,0,0,0
13:50:30:917,20424,130915,115947,14077,0,0,0
13:50:30:927,20446,130895,115930,14105,0,0,0
13:50:30:961,20467,130927,115928,14092,0,0,0
13:50:30:972,20489,130916,115936,14085,0,0,0
13:50:31:014,20510,130910,115937,14102,0,0,0
13:50:31:017,20532,130774,115888,14095,0,0,0
13:50:31:042,20554,130737,115901,14090,0,0,0
13:50:31:064,20575,130706,115880,14077,0,0,0
13:50:31:088,20597,130722,115888,14092,0,0,0
13:50:31:110,20618,130722,115898,14082,0,0,0
13:50:31:142,20640,130739,115896,14082,0,0,0
13:50:31:152,20661,130751,115907,14087,0,0,0
13:50:31:176,20683,130802,115911,14075,0,0,0
13:50:31:199,20705,130802,115927,14088,0,0,0
13:50:31:244,20726,130824,115913,14088,0,0,0
13:50:31:244,20748,130856,115925,14099,0,0,0
13:50:31:273,20769,130851,115904,14084,0,0,0
13:50:31:280,20791,130835,115892,14096,0,0,0
13:50:31:299,20812,130854,115913,14086,0,0,0
13:50:31:322,20834,130850,115914,14097,0,0,0
13:50:31:345,20855,130850,115910,14099,0,0,0
13:50:31:367,20877,130844,115911,14100,0,0,0
13:50:31:391,20898,130865,115920,14107,0,0,0
13:50:31:412,20920,130867,115962,14090,0,0,0
13:50:31:459,20941,130860,115920,14111,0,0,0
13:50:31:459,20963,130881,115928,14105,0,0,0
13:50:31:480,20984,130920,115942,14111,0,0,0
13:50:31:502,21006,130900,115912,14093,0,0,0
13:50:31:525,21028,130903,115906,14111,0,0,0
13:50:31:536,21049,130917,115925,14097,0,0,0
13:50:31:559,21071,130906,115914,14108,0,0,0
13:50:31:592,21093,130920,115925,14107,0,0,0
13:50:31:604,21114,130938,115928,14099,0,0,0
13:50:31:627,21136,130942,115926,14113,0,0,0
13:50:31:681,21157,130950,115936,14109,0,0,0
13:50:31:681,21179,130930,115927,14101,0,0,0
13:50:31:696,21200,130854,115927,14109,0,0,0
13:50:31:716,21222,130786,115877,14112,0,0,0
13:50:31:739,21243,130764,115886,14101,0,0,0
13:50:31:760,21265,130747,115866,14099,0,0,0
13:50:31:784,21286,130751,115872,14105,0,0,0
13:50:31:805,21308,130759,115891,14094,0,0,0
13:50:31:829,21329,130792,115881,14116,0,0,0
13:50:31:840,21351,130814,115905,14107,0,0,0
13:50:31:895,21373,130830,115893,14100,0,0,0
13:50:31:895,21394,130850,115900,14107,0,0,0
13:50:31:908,21416,130839,115904,14103,0,0,0
13:50:31:931,21437,130895,115893,14102,0,0,0
13:50:31:952,21459,130868,115920,14125,0,0,0
13:50:31:975,21480,130878,115909,14117,0,0,0
13:50:31:998,21502,130870,115903,14106,0,0,0
13:50:32:019,21523,130880,115899,14116,0,0,0
13:50:32:043,21545,130882,115893,14134,0,0,0
13:50:32:064,21566,130876,115889,14117,0,0,0
13:50:32:111,21588,130902,115902,14121,0,0,0
13:50:32:111,21609,130896,115920,14107,0,0,0
13:50:32:133,21631,130918,115890,14115,0,0,0
13:50:32:155,21653,130917,115915,14116,0,0,0
13:50:32:167,21674,130940,115906,14124,0,0,0
13:50:32:189,21696,130950,115897,14117,0,0,0
13:50:32:212,21717,130931,115895,14132,0,0,0
13:50:32:233,21739,130935,115918,14121,0,0,0
13:50:32:257,21760,130941,115899,14121,0,0,0
13:50:32:278,21782,130962,115913,14132,0,0,0
13:50:32:322,21825,130969,115901,14137,0,0,0
13:50:32:346,21846,130980,115901,14134,0,0,0
13:50:32:369,21868,130947,115894,14125,0,0,0
13:50:32:392,21889,130918,115897,14132,0,0,0
13:50:32:415,21911,130876,115901,14127,0,0,0
13:50:32:435,21933,130840,115883,14138,0,0,0
13:50:32:459,21954,130773,115895,14124,0,0,0
13:50:32:469,21976,130798,115856,14119,0,0,0
13:50:32:493,21998,130837,115873,14123,0,0,0
13:50:32:515,22019,130845,115866,14129,0,0,0
13:50:32:573,22041,130855,115891,14127,0,0,0
13:50:32:573,22062,130880,115866,14122,0,0,0
13:50:32:583,22084,130876,115879,14123,0,0,0
13:50:32:604,22105,130888,115865,14123,0,0,0
13:50:32:629,22127,130899,115888,14127,0,0,0
13:50:32:650,22148,130924,115895,14120,0,0,0
13:50:32:685,22170,130892,115881,14125,0,0,0
13:50:32:694,22191,130898,115849,14134,0,0,0
13:50:32:717,22213,130840,115880,14135,0,0,0
13:50:32:741,22235,130914,115896,14132,0,0,0
13:50:32:794,22256,130913,115869,14136,0,0,0
13:50:32:794,22278,130950,115893,14146,0,0,0
13:50:32:794,22300,130940,115892,14131,0,0,0
13:50:32:820,22321,130958,115883,14148,0,0,0
13:50:32:841,22343,130958,115893,14148,0,0,0
13:50:32:863,22364,130958,115873,14131,0,0,0
13:50:32:886,22386,130977,115886,14141,0,0,0
13:50:32:909,22407,130960,115886,14136,0,0,0
13:50:32:931,22429,130987,115881,14142,0,0,0
13:50:32:955,22451,130996,115868,14140,0,0,0
13:50:33:009,22472,130954,115888,14177,0,0,0
13:50:33:009,22494,130986,115884,14139,0,0,0
13:50:33:020,22515,131010,115886,14154,0,0,0
13:50:33:044,22537,130986,115891,14138,0,0,0
13:50:33:065,22558,130951,115868,14151,0,0,0
13:50:33:089,22580,130915,115872,14154,0,0,0
13:50:33:100,22601,130868,115845,14140,0,0,0
13:50:33:123,22623,130848,115852,14146,0,0,0
13:50:33:146,22644,130857,115859,14157,0,0,0
13:50:33:167,22666,130863,115855,14143,0,0,0
13:50:33:213,22687,130873,115853,14161,0,0,0
13:50:33:213,22709,130838,115854,14143,0,0,0
13:50:33:236,22730,130915,115877,14135,0,0,0
13:50:33:259,22752,130917,115852,14145,0,0,0
13:50:33:279,22773,130936,115869,14161,0,0,0
13:50:33:313,22807,130942,115867,14138,100,0,null
13:50:33:335,22829,130942,115867,14156,0,0,0
13:50:33:361,22850,130960,115866,14148,0,0,0
13:50:33:382,22872,130941,115865,14161,0,0,0
13:50:33:404,22893,130954,115870,14150,0,0,0
13:50:33:457,22915,130953,115868,14134,0,0,0
13:50:33:457,22937,130964,115865,14155,0,0,0
13:50:33:460,22958,130969,115862,14138,0,0,0
13:50:33:482,22980,130926,115863,14204,0,0,0
13:50:33:505,23001,130970,115868,14150,0,0,0
13:50:33:539,23023,130999,115859,14163,0,0,0
13:50:33:551,23044,131000,115873,14151,0,0,0
13:50:33:572,23066,131000,115862,14161,0,0,0
13:50:33:595,23088,131019,115880,14159,0,0,0
13:50:33:619,23109,131009,115862,14156,0,0,0
13:50:33:675,23131,131025,115873,14179,0,0,0
13:50:33:675,23152,131027,115886,14162,0,0,0
13:50:33:684,23174,131011,115858,14157,0,0,0
13:50:33:707,23195,131047,115887,14167,0,0,0
13:50:33:730,23217,131085,115839,14170,0,0,0
13:50:33:741,23238,131023,115861,14151,0,0,0
13:50:33:773,23260,130939,115842,14154,0,0,0
13:50:33:785,23282,130924,115842,14173,0,0,0
13:50:33:809,23303,130867,115826,14160,0,0,0
13:50:33:831,23325,130858,115810,14166,0,0,0
13:50:33:877,23346,130882,115830,14150,0,0,0
13:50:33:877,23368,130870,115832,14162,0,0,0
13:50:33:900,23389,130907,115842,14170,0,0,0
13:50:33:921,23411,130935,115846,14162,0,0,0
13:50:33:944,23432,130947,115850,14158,0,0,0
13:50:33:965,23454,130955,115843,14162,0,0,0
13:50:33:990,23475,130967,115805,14169,0,0,0
13:50:34:011,23497,130965,115878,14180,0,0,0
13:50:34:036,23519,130986,115856,14166,0,0,0
13:50:34:057,23540,130994,115865,14166,0,0,0
13:50:34:113,23562,130983,115882,14172,0,0,0
13:50:34:113,23583,130962,115869,14178,0,0,0
13:50:34:113,23605,131022,115852,14180,0,0,0
13:50:34:135,23626,131004,115876,14172,0,0,0
13:50:34:158,23648,131013,115865,14180,0,0,0
13:50:34:179,23670,131041,115878,14181,0,0,0
13:50:34:203,23691,131035,115873,14192,0,0,0
13:50:34:224,23713,131067,115869,14187,0,0,0
13:50:34:250,23734,131054,115874,14177,0,0,0
13:50:34:272,23756,131070,115866,14184,0,0,0
13:50:34:325,23777,131098,115883,14187,0,0,0
13:50:34:325,23799,131085,115876,14181,0,0,0
13:50:34:338,23820,131089,115823,14193,0,0,0
13:50:34:359,23842,131064,115893,14218,0,0,0
13:50:34:371,23863,131118,115912,14201,0,0,0
13:50:34:393,23885,131110,115889,14197,0,0,0
13:50:34:417,23906,131133,115892,14198,0,0,0
13:50:34:438,23928,131096,115891,14195,0,0,0
13:50:34:461,23950,131053,115868,14186,0,0,0
13:50:34:483,23971,131027,115899,14181,0,0,0
13:50:34:530,23993,131013,115871,14181,0,0,0
13:50:34:530,24014,131037,115885,14189,0,0,0
13:50:34:566,24036,131064,115906,14186,0,0,0
13:50:34:595,24057,131094,115900,14205,0,0,0
13:50:34:596,24079,131171,115899,14208,0,0,0
13:50:34:630,24100,131157,115959,14203,0,0,0
13:50:34:640,24122,131193,115972,14207,0,0,0
13:50:34:664,24144,131220,115963,14215,0,0,0
13:50:34:675,24165,131252,115985,14216,0,0,0
13:50:34:698,24187,131269,115988,14212,0,0,0
13:50:34:746,24208,131267,115986,14227,0,0,0
13:50:34:746,24230,131272,116009,14235,0,0,0
13:50:34:766,24252,131271,115996,14226,0,0,0
13:50:34:787,24273,131281,116011,14221,0,0,0
13:50:34:811,24295,131321,116009,14226,0,0,0
13:50:34:832,24316,131353,116075,14225,0,0,0
13:50:34:856,24338,131336,116062,14225,0,0,0
13:50:34:877,24359,131387,116081,14234,0,0,0
13:50:34:901,24381,131406,116076,14244,0,0,0
13:50:34:923,24402,131447,116095,14264,0,0,0
13:50:34:979,24424,131477,116124,14248,0,0,0
13:50:34:979,24446,131499,116136,14268,0,0,0
13:50:34:991,24467,131558,116189,14264,0,0,0
13:50:35:000,24489,131574,116200,14251,0,0,0
13:50:35:023,24511,131624,116229,14286,0,0,0
13:50:35:047,24532,131623,116235,14263,0,0,0
13:50:35:071,24554,131632,116270,14290,0,0,0
13:50:35:088,24575,131670,116343,14298,0,0,0
13:50:35:115,24597,131605,116309,14296,0,0,0
13:50:35:136,24618,131638,116286,14300,0,0,0
13:50:35:193,24640,131664,116314,14314,0,0,0
13:50:35:193,24661,131669,116344,14308,0,0,0
13:50:35:204,24683,131632,116328,14294,0,0,0
13:50:35:226,24704,131617,116304,14316,0,0,0
13:50:35:249,24726,131550,116288,14300,0,0,0
13:50:35:271,24747,131550,116269,14304,0,0,0
13:50:35:307,24769,131528,116247,14313,0,0,0
13:50:35:326,24790,131482,116233,14292,0,0,0
13:50:35:339,24812,131484,116227,14306,0,0,0
13:50:35:350,24833,131456,116163,14306,0,0,0
13:50:35:405,24855,131444,116184,14330,0,0,0
13:50:35:405,24877,131439,116176,14302,0,0,0
13:50:35:417,24898,131428,116160,14310,0,0,0
13:50:35:440,24920,131417,116160,14286,0,0,0
13:50:35:463,24942,131418,116154,14309,0,0,0
13:50:35:485,24963,131393,116137,14307,0,0,0
13:50:35:508,24985,131374,116121,14294,0,0,0
13:50:35:531,25006,131414,116125,14319,0,0,0
13:50:35:552,25028,131417,116139,14302,0,0,0
13:50:35:582,25049,131406,116117,14317,0,0,013:50:35:630,25071,131416,116134,14316,0,0,0
13:50:35:630,25093,131415,116113,14311,0,0,0
13:50:35:631,25114,131364,116105,14305,0,0,0
13:50:35:658,25136,131398,116110,14319,0,0,0
13:50:35:675,25158,131389,116117,14319,0,0,0
13:50:35:698,25179,131377,116105,14315,0,0,0
13:50:35:721,25201,131379,116106,14313,0,0,0
13:50:35:744,25223,131372,116089,14312,0,0,0
13:50:35:766,25244,131347,116075,14325,0,0,0
13:50:35:800,25266,131361,116090,14305,0,0,0
13:50:35:838,25288,131342,116066,14312,0,0,0
13:50:35:839,25310,131344,116068,14306,0,0,0
13:50:35:855,25331,131294,116052,14304,0,0,0
13:50:35:879,25353,131246,116037,14330,0,0,0
13:50:35:901,25375,131293,116041,14307,0,0,0
13:50:35:924,25396,131306,116046,14319,0,0,0
13:50:35:945,25418,131284,116029,14313,0,0,0
13:50:35:967,25440,131293,116035,14312,0,0,0
13:50:35:991,25461,131309,116053,14317,0,0,0
13:50:36:004,25483,131291,116037,14320,0,0,0
13:50:36:055,25505,131328,116048,14326,0,0,0
13:50:36:055,25526,131293,116048,14323,0,0,0
13:50:36:070,25548,131323,116021,14313,0,0,0
13:50:36:092,25569,131303,116032,14320,0,0,0
13:50:36:115,25591,131301,115983,14319,0,0,0
13:50:36:138,25612,131289,116034,14370,0,0,0
13:50:36:159,25634,131299,116017,14334,0,0,0
13:50:36:184,25655,131290,116015,14323,0,0,0
13:50:36:206,25677,131268,115998,14330,0,0,0
13:50:36:229,25698,131261,116000,14332,0,0,0
13:50:36:281,25720,131274,115997,14308,0,0,0
13:50:36:282,25742,131275,115997,14342,0,0,0
13:50:36:296,25763,131279,115997,14325,0,0,0
13:50:36:308,25785,131271,115989,14329,0,0,0
13:50:36:339,25817,131284,116000,14339,100,0,0
13:50:36:362,25839,131273,116033,14325,0,0,0
13:50:36:385,25861,131229,115988,14332,0,0,0
13:50:36:408,25883,131278,115970,14333,0,0,0
13:50:36:431,25904,131272,115980,14338,0,0,0
13:50:36:453,25926,131272,115974,14328,0,0,0
13:50:36:504,25947,131297,115971,14328,0,0,0
13:50:36:505,25969,131276,115985,14330,0,0,0
13:50:36:530,25990,131269,115966,14323,0,0,0
13:50:36:542,26012,131254,115963,14340,0,0,0
13:50:36:568,26033,131234,115940,14330,0,0,0
13:50:36:587,26055,131233,115953,14345,0,0,0
13:50:36:611,26076,131217,115938,14327,0,0,0
13:50:36:621,26098,131172,115951,14373,0,0,0
13:50:36:644,26119,131217,115960,14321,0,0,0
13:50:36:667,26141,131215,115940,14338,0,0,0
13:50:36:707,26162,131224,115949,14332,0,0,0
13:50:36:710,26184,131225,115942,14333,0,0,0
13:50:36:746,26205,131221,115940,14339,0,0,0
13:50:36:755,26227,131217,115936,14328,0,0,0
13:50:36:779,26249,131221,115924,14333,0,0,0
13:50:36:802,26270,131227,115927,14320,0,0,0
13:50:36:824,26292,131220,115932,14327,0,0,0
13:50:36:846,26313,131249,115955,14346,0,0,0
13:50:36:870,26335,131250,115901,14336,0,0,0
13:50:36:892,26356,131231,115912,14323,0,0,0
13:50:36:940,26378,131199,115915,14342,0,0,0
13:50:36:941,26399,131202,115908,14344,0,0,0
13:50:36:948,26421,131216,115906,14323,0,0,0
13:50:36:970,26442,131234,115920,14345,0,0,0
13:50:36:991,26464,131246,115931,14329,0,0,0
13:50:37:012,26485,131213,115897,14351,0,0,0
13:50:37:035,26507,131232,115907,14338,0,0,0
13:50:37:056,26529,131269,115901,14348,0,0,0
13:50:37:079,26551,131251,115920,14339,0,0,0
13:50:37:104,26572,131251,115903,14342,0,0,0
13:50:37:146,26594,131251,115901,14342,0,0,0
13:50:37:148,26615,131241,115911,14329,0,0,0
13:50:37:172,26637,131251,115902,14359,0,0,0
13:50:37:194,26658,131250,115908,14353,0,0,0
13:50:37:218,26680,131240,115935,14365,0,0,0
13:50:37:240,26701,131176,115900,14351,0,0,0
13:50:37:251,26723,131201,115889,14343,0,0,0
13:50:37:273,26744,131205,115905,14335,0,0,0
13:50:37:298,26766,131198,115893,14357,0,0,0
13:50:37:319,26787,131202,115903,14360,0,0,0
13:50:37:367,26809,131193,115885,14340,0,0,0
13:50:37:367,26830,131199,115886,14351,0,0,0
13:50:37:387,26852,131208,115891,14356,0,0,0
13:50:37:408,26873,131196,115887,14344,0,0,0
13:50:37:432,26895,131192,115889,14346,0,0,0
13:50:37:453,26917,131184,115877,14337,0,0,0
13:50:37:477,26938,131219,115860,14349,0,0,0
13:50:37:498,26960,131192,115873,14393,0,0,0
13:50:37:524,26981,131217,115874,14362,0,0,0
13:50:37:544,27003,131198,115883,14356,0,0,0
13:50:37:597,27025,131209,115880,14351,0,0,0
13:50:37:597,27046,131192,115866,14339,0,0,0
13:50:37:599,27068,131194,115858,14366,0,0,0
13:50:37:632,27089,131190,115870,14350,0,0,0
13:50:37:646,27111,131179,115852,14337,0,0,0
13:50:37:666,27133,131183,115838,14360,0,0,0
13:50:37:691,27154,131193,115857,14343,0,0,0
13:50:37:711,27176,131185,115839,14357,0,0,0
13:50:37:737,27198,131185,115800,14351,0,0,0
13:50:37:760,27219,131223,115857,14339,0,0,0
13:50:37:808,27241,131229,115852,14353,0,0,0
13:50:37:808,27262,131238,115848,14345,0,0,0
13:50:37:825,27284,131241,115854,14356,0,0,0
13:50:37:846,27305,131206,115836,14325,0,0,0
13:50:37:870,27327,131186,115837,14336,0,0,0
13:50:37:880,27348,131120,115817,14310,0,0,0
13:50:37:903,27370,131076,115769,14345,0,0,0
13:50:37:927,27391,131122,115830,14329,0,0,0
13:50:37:949,27413,131100,115818,14299,0,0,0
13:50:37:971,27434,131150,115841,14348,0,0,0
13:50:38:013,27456,131189,115855,14307,0,0,0
13:50:38:015,27478,131172,115842,14305,0,0,0
13:50:38:039,27499,131235,115882,14305,0,0,0
13:50:38:063,27521,131305,115924,14353,0,0,0
13:50:38:083,27542,131284,115909,14304,0,0,0
13:50:38:107,27564,131299,115879,14347,0,0,0
13:50:38:128,27585,131329,115907,14337,0,0,0
13:50:38:152,27607,131264,115856,14309,0,0,0
13:50:38:174,27628,131293,115876,14333,0,0,0
13:50:38:186,27650,131244,115869,14295,0,0,0
13:50:38:239,27672,131269,115841,14342,0,0,0
13:50:38:239,27693,131309,115939,14331,0,0,0
13:50:38:253,27715,131237,115879,14319,0,0,0
13:50:38:276,27736,131346,115921,14314,0,0,0
13:50:38:299,27758,131439,115917,14353,0,0,0
13:50:38:321,27779,131504,116008,14309,0,0,0
13:50:38:345,27801,131518,115966,14294,0,0,0
13:50:38:365,27823,131618,116037,14339,0,0,0
13:50:38:389,27844,131634,116063,14291,0,0,0
13:50:38:410,27866,131691,116059,14325,0,0,0
13:50:38:450,27887,131741,116115,14314,0,0,0
13:50:38:454,27909,131705,116078,14296,0,0,0
13:50:38:479,27930,131780,116123,14337,0,0,0
13:50:38:488,27952,131777,116096,14278,0,0,0
13:50:38:513,27973,131717,116058,14321,0,0,0
13:50:38:534,27995,131690,116059,14313,0,0,0
13:50:38:556,28016,131755,116100,14342,0,0,0
13:50:38:579,28038,131708,116110,14292,0,0,0
13:50:38:602,28060,131717,116068,14360,0,0,0
13:50:38:624,28082,131680,116104,14340,0,0,0
13:50:38:676,28103,131580,116051,14322,0,0,0
13:50:38:676,28125,131577,116068,14354,0,0,0
13:50:38:691,28146,131514,116048,14311,0,0,0
13:50:38:713,28168,131502,116035,14361,0,0,0
13:50:38:737,28189,131501,116093,14347,0,0,0
13:50:38:759,28211,131451,115999,14324,0,0,0
13:50:38:781,28233,131508,116039,14319,0,0,0
13:50:38:803,28254,131533,115995,14373,0,0,0
13:50:38:815,28276,131559,116042,14350,0,0,0
13:50:38:837,28297,131512,115994,14342,0,0,0
13:50:38:878,28319,131583,116021,14354,0,0,0
13:50:38:909,28340,131560,116007,14330,0,0,0
13:50:38:909,28362,131559,115992,14372,0,0,0
13:50:38:928,28384,131579,116027,14342,0,0,0
13:50:38:950,28405,131546,115987,14346,0,0,0
13:50:38:971,28427,131604,116025,14388,0,0,0
13:50:38:995,28448,131550,116035,14328,0,0,0
13:50:39:018,28470,131500,115973,14388,0,0,0
13:50:39:041,28491,131529,115970,14359,0,0,0
13:50:39:063,28513,131583,116020,14400,0,0,0
13:50:39:102,28535,131556,115989,14340,0,0,0
13:50:39:107,28556,131567,115953,14394,0,0,0
13:50:39:131,28578,131543,115999,14379,0,0,0
13:50:39:152,28600,131521,115943,14386,0,0,0
13:50:39:164,28621,131553,115964,14411,0,0,0
13:50:39:186,28643,131512,115934,14347,0,0,0
13:50:39:209,28664,131512,115922,14404,0,0,0
13:50:39:231,28686,131508,115943,14370,0,0,0
13:50:39:256,28707,131457,115875,14369,0,0,0
13:50:39:277,28729,131513,115930,14431,0,0,0
13:50:39:339,28750,131518,115895,14412,0,0,0
13:50:39:339,28772,131478,115928,14385,0,0,0
13:50:39:355,28804,131442,115864,14395,100,0,0
13:50:39:377,28826,131450,115941,14404,0,0,0
13:50:39:400,28848,131401,115894,14355,0,0,0
13:50:39:422,28869,131408,115885,14408,0,0,0
13:50:39:445,28891,131420,115915,14366,0,0,0
13:50:39:456,28912,131387,115846,14391,0,0,0
13:50:39:479,28934,131438,115913,14400,0,0,0
13:50:39:501,28956,131388,115927,14359,0,0,0
13:50:39:542,28977,131354,115849,14426,0,0,0
13:50:39:545,28999,131373,115820,14384,0,0,0
13:50:39:581,29021,131403,115869,14411,0,0,0
13:50:39:591,29042,131358,115849,14371,0,0,0
13:50:39:614,29064,131403,115821,14417,0,0,0
13:50:39:636,29085,131378,115841,14382,0,0,0
13:50:39:660,29107,131329,115799,14409,0,0,0
13:50:39:683,29128,131378,115852,14416,0,0,0
13:50:39:716,29150,131323,115816,14371,0,0,0
13:50:39:727,29171,131364,115817,14425,0,0,0
13:50:39:784,29193,131358,115836,14386,0,0,0
13:50:39:784,29214,131352,115752,14406,0,0,0
13:50:39:784,29236,131372,115841,14413,0,0,0
13:50:39:806,29258,131363,115799,14422,0,0,0
13:50:39:828,29279,131352,115812,14386,0,0,0
13:50:39:850,29301,131321,115769,14411,0,0,0
13:50:39:872,29322,131346,115813,14415,0,0,0
13:50:39:896,29344,131301,115790,14369,0,0,0
13:50:39:917,29365,131353,115789,14435,0,0,0
13:50:39:940,29387,131308,115813,14392,0,0,0
13:50:39:982,29408,131265,115752,14411,0,0,0
13:50:39:983,29430,131302,115788,14417,0,0,0
13:50:40:008,29451,131252,115763,14377,0,0,0
13:50:40:029,29473,131331,115731,14434,0,0,0
13:50:40:053,29494,131205,115723,14406,0,0,0
13:50:40:075,29516,131227,115768,14412,0,0,0
13:50:40:086,29537,131190,115739,14383,0,0,0
13:50:40:106,29559,131248,115749,14422,0,0,0
13:50:40:132,29580,131287,115750,14396,0,0,0
13:50:40:154,29602,131225,115711,14412,0,0,0
13:50:40:208,29623,131227,115724,14381,0,0,0
13:50:40:208,29645,131260,115735,14430,0,0,0
13:50:40:221,29666,131241,115749,14393,0,0,0
13:50:40:243,29688,131233,115710,14426,0,0,0
13:50:40:267,29709,131271,115767,14418,0,0,0
13:50:40:288,29731,131201,115727,14379,0,0,0
13:50:40:323,29752,131259,115726,14435,0,0,0
13:50:40:333,29774,131239,115734,14393,0,0,0
13:50:40:357,29795,131216,115697,14425,0,0,0
13:50:40:380,29817,131252,115765,14409,0,0,0
13:50:40:435,29838,131158,115725,14392,0,0,0
13:50:40:435,29860,131256,115756,14385,0,0,0
13:50:40:435,29881,131222,115700,14417,0,0,0
13:50:40:457,29903,131270,115749,14410,0,0,0
13:50:40:480,29925,131212,115714,14382,0,0,0
13:50:40:502,29946,131252,115733,14429,0,0,0
13:50:40:525,29968,131249,115722,14401,0,0,0
13:50:40:547,29990,131220,115700,14418,0,0,0
13:50:40:581,30011,131265,115742,14427,0,0,0
13:50:40:592,30033,131223,115708,14403,0,0,0
13:50:40:637,30054,131266,115710,14429,0,0,0
13:50:40:637,30076,131240,115687,14394,0,0,0
13:50:40:660,30097,131199,115672,14481,0,0,0
13:50:40:684,30119,131206,115676,14391,0,0,0
13:50:40:694,30141,131237,115685,14441,0,0,0
13:50:40:716,30162,131167,115709,14395,0,0,0
13:50:40:739,30184,131171,115652,14439,0,0,0
13:50:40:763,30205,131206,115706,14415,0,0,0
13:50:40:785,30227,131149,115682,14399,0,0,0
13:50:40:806,30249,131205,115693,14443,0,0,0
13:50:40:856,30270,131170,115689,14392,0,0,0
13:50:40:856,30292,131168,115646,14442,0,0,0
13:50:40:875,30314,131184,115682,14422,0,0,0
13:50:40:896,30335,131113,115646,14401,0,0,0
13:50:40:919,30357,131124,115662,14461,0,0,0
13:50:40:941,30378,131144,115631,14438,0,0,0
13:50:40:964,30400,131177,115686,14438,0,0,0
13:50:40:986,30421,131116,115634,14409,0,0,0
13:50:41:009,30443,131157,115653,14461,0,0,0
13:50:41:020,30465,131131,115662,14411,0,0,0
13:50:41:064,30486,131140,115629,14441,0,0,0
13:50:41:064,30508,131161,115665,14426,0,0,0
13:50:41:088,30529,131099,115624,14403,0,0,0
13:50:41:110,30551,131159,115640,14449,0,0,0
13:50:41:133,30572,131127,115637,14393,0,0,0
13:50:41:156,30594,131128,115576,14443,0,0,0
13:50:41:190,30615,131148,115663,14466,0,0,0
13:50:41:212,30637,131162,115642,14444,0,0,0
13:50:41:224,30658,131121,115638,14396,0,0,0
13:50:41:246,30680,131121,115586,14457,0,0,0
13:50:41:289,30701,131121,115643,14438,0,0,0
13:50:41:289,30723,131069,115573,14407,0,0,0
13:50:41:312,30744,131100,115598,14447,0,0,0
13:50:41:323,30766,131078,115600,14409,0,0,0
13:50:41:348,30787,131074,115567,14447,0,0,0
13:50:41:369,30809,131092,115620,14426,0,0,0
13:50:41:393,30831,131029,115564,14412,0,0,0
13:50:41:414,30852,131057,115583,14445,0,0,0
13:50:41:437,30874,131016,115530,14440,0,0,0
13:50:41:460,30895,131040,115605,14411,0,0,0
13:50:41:513,30917,131010,115552,14413,0,0,0
13:50:41:513,30938,131070,115593,14449,0,0,0
13:50:41:528,30960,131022,115584,14404,0,0,0
13:50:41:549,30981,131030,115547,14449,0,0,0
13:50:41:593,31003,131034,115583,14420,0,0,0
13:50:41:593,31024,131018,115545,14416,0,0,0
13:50:41:618,31046,131048,115583,14445,0,0,0
13:50:41:627,31067,131054,115577,14395,0,0,0
13:50:41:651,31089,131047,115491,14450,0,0,0
13:50:41:684,31110,131042,115594,14478,0,0,0
13:50:41:730,31132,131059,115584,14451,0,0,0
13:50:41:730,31153,131023,115582,14404,0,0,0
13:50:41:739,31175,131055,115549,14461,0,0,0
13:50:41:763,31196,131053,115604,14429,0,0,0
13:50:41:785,31218,131028,115550,14419,0,0,0
13:50:41:808,31240,131079,115578,14443,0,0,0
13:50:41:830,31261,131034,115564,14403,0,0,0
13:50:41:853,31283,131048,115531,14446,0,0,0
13:50:41:875,31304,131066,115572,14431,0,0,0
13:50:41:899,31326,131039,115531,14431,0,0,0
13:50:41:945,31347,131085,115527,14445,0,0,0
13:50:41:946,31369,131043,115568,14441,0,0,0
13:50:41:953,31391,131074,115572,14421,0,0,0
13:50:41:976,31412,131034,115527,14422,0,0,0
13:50:41:998,31434,131107,115571,14445,0,0,0
13:50:42:022,31455,131066,115569,14406,0,0,0
13:50:42:044,31477,131085,115543,14458,0,0,0
13:50:42:067,31499,131065,115584,14428,0,0,0
13:50:42:089,31520,131013,115537,14419,0,0,0
13:50:42:113,31542,131046,115579,14442,0,0,0
13:50:42:167,31564,130983,115552,14398,0,0,0
13:50:42:167,31585,130992,115532,14450,0,0,0
13:50:42:195,31607,131009,115557,14424,0,0,0
13:50:42:203,31628,131043,115563,14456,0,0,0
13:50:42:223,31650,131017,115558,14403,0,0,0
13:50:42:247,31671,131075,115536,14450,0,0,0
13:50:42:257,31693,131076,115582,14418,0,0,0
13:50:42:281,31715,131053,115542,14439,0,0,0
13:50:42:303,31736,131089,115583,14464,0,0,0
13:50:42:326,31758,131081,115558,14410,0,0,0
13:50:42:373,31780,131083,115540,14464,0,0,0
13:50:42:382,31813,131096,115580,14430,100,0,0
13:50:42:403,31834,131062,115544,14424,0,0,0
13:50:42:427,31856,131124,115573,14456,0,0,0
13:50:42:448,31878,131083,115526,14417,0,0,0
13:50:42:472,31899,131094,115580,14421,0,0,0
13:50:42:495,31921,131069,115541,14439,0,0,0
13:50:42:517,31942,131128,115587,14464,0,0,0
13:50:42:539,31964,131106,115565,14418,0,0,0
13:50:42:562,31985,131115,115552,14458,0,0,0
13:50:42:615,32007,131122,115573,14431,0,0,0
13:50:42:615,32028,131090,115534,14425,0,0,0
13:50:42:615,32050,131115,115567,14462,0,0,0
13:50:42:641,32071,131100,115556,14409,0,0,0
13:50:42:662,32093,131144,115547,14477,0,0,0
13:50:42:686,32114,131142,115622,14432,0,0,0
13:50:42:708,32136,131076,115546,14444,0,0,0
13:50:42:730,32158,131120,115565,14419,0,0,0
13:50:42:752,32179,131142,115543,14474,0,0,0
13:50:42:777,32201,131121,115582,14441,0,0,0
13:50:42:824,32222,131072,115528,14443,0,0,0
13:50:42:824,32244,131091,115568,14466,0,0,0
13:50:42:842,32265,131026,115540,14411,0,0,0
13:50:42:866,32287,131055,115527,14466,0,0,0
13:50:42:888,32308,131045,115560,14432,0,0,0
13:50:42:899,32330,131026,115528,14438,0,0,0
13:50:42:922,32351,131103,115557,14457,0,0,0
13:50:42:945,32373,131116,115544,14410,0,0,0
13:50:42:967,32395,131106,115574,14435,0,0,0
13:50:42:991,32416,131093,115510,14444,0,0,0
13:50:43:047,32438,131151,115573,14466,0,0,0
13:50:43:047,32459,131107,115543,14407,0,0,0
13:50:43:055,32481,131156,115548,14475,0,0,0
13:50:43:080,32502,131136,115589,14453,0,0,0
13:50:43:101,32524,131152,115589,14467,0,0,0
13:50:43:126,32546,131121,115569,14418,0,0,0
13:50:43:146,32567,131160,115554,14464,0,0,0
13:50:43:169,32589,131172,115584,14441,0,0,0
13:50:43:191,32610,131150,115552,14466,0,0,0
13:50:43:215,32632,131209,115597,14456,0,0,0
13:50:43:258,32654,131171,115597,14416,0,0,0
13:50:43:258,32675,131215,115576,14472,0,0,0
13:50:43:270,32697,131218,115602,14443,0,0,0
13:50:43:293,32718,131210,115544,14457,0,0,0
13:50:43:315,32740,131269,115685,14504,0,0,0
13:50:43:338,32762,131353,115707,14500,0,0,0
13:50:43:359,32783,131376,115741,14463,0,0,0
13:50:43:383,32805,131371,115742,14477,0,0,0
13:50:43:405,32826,131427,115802,14507,0,0,0
13:50:43:428,32848,131353,115758,14466,0,0,0
13:50:43:474,32869,131292,115702,14513,0,0,0
13:50:43:474,32891,131195,115689,14466,0,0,0
13:50:43:495,32912,131142,115642,14469,0,0,0
13:50:43:519,32934,131171,115693,14502,0,0,0
13:50:43:528,32955,131152,115678,14452,0,0,0
13:50:43:552,32977,131194,115676,14492,0,0,0
13:50:43:584,32998,131161,115706,14510,0,0,0
13:50:43:609,33020,131230,115714,14489,0,0,0
13:50:43:619,33042,131200,115692,14462,0,0,0
13:50:43:642,33063,131270,115712,14507,0,0,0
13:50:43:684,33085,131281,115737,14477,0,0,0
13:50:43:685,33106,131253,115704,14495,0,0,0
13:50:43:709,33128,131306,115747,14500,0,0,0
13:50:43:732,33149,131249,115721,14468,0,0,0
13:50:43:753,33171,131269,115703,14511,0,0,0
13:50:43:777,33192,131234,115722,14479,0,0,0
13:50:43:799,33214,131199,115666,14491,0,0,0
13:50:43:823,33235,131181,115704,14495,0,0,0
13:50:43:833,33257,131220,115653,14508,0,0,0
13:50:43:856,33278,131219,115658,14473,0,0,0
13:50:43:919,33300,131167,115611,14516,0,0,0
13:50:43:919,33322,131221,115653,14498,0,0,0
13:50:43:922,33343,131177,115625,14470,0,0,0
13:50:43:946,33365,131204,115628,14508,0,0,0
13:50:43:967,33386,131177,115625,14478,0,0,0
13:50:43:990,33408,131160,115585,14503,0,0,0
13:50:44:012,33430,131208,115643,14494,0,0,0
13:50:44:036,33451,131159,115604,14461,0,0,0
13:50:44:057,33473,131207,115562,14519,0,0,0
13:50:44:081,33494,131177,115630,14510,0,0,0
13:50:44:133,33516,131166,115595,14492,0,0,0
13:50:44:133,33537,131058,115547,14467,0,0,0
13:50:44:149,33559,131038,115538,14498,0,0,0
13:50:44:159,33581,130958,115536,14455,0,0,0
13:50:44:181,33602,130882,115492,14492,0,0,0
13:50:44:206,33624,130913,115498,14475,0,0,0
13:50:44:226,33645,130834,115474,14441,0,0,0
13:50:44:249,33667,130863,115489,14485,0,0,0
13:50:44:272,33688,130816,115537,14392,0,0,0
13:50:44:295,33710,130461,115439,14295,0,0,0
13:50:45:643,35015,111208,108792,7635,0,0,0
13:50:45:643,35037,118755,112881,8523,0,0,0
13:50:45:651,35059,120975,114113,8897,0,0,0
13:50:45:674,35080,121905,114616,9070,0,0,0
13:50:45:697,35102,122333,114833,9238,0,0,0
13:50:45:719,35123,122796,114457,9361,0,0,0
13:50:45:754,35145,123227,114659,9464,0,0,0
13:50:45:763,35166,123740,114885,9618,0,0,0
13:50:45:775,35188,124105,115059,9718,0,0,0
13:50:45:798,35210,124500,115241,9866,0,0,0
13:50:45:843,35231,125020,115492,9981,0,0,0
13:50:45:843,35253,125411,115568,10082,0,0,0
13:50:45:867,35274,125674,115741,10190,0,0,0
13:50:45:888,35296,125860,115802,10359,0,0,0
13:50:45:910,35318,125963,115883,10412,0,0,0
13:50:45:933,35339,126050,115877,10470,0,0,0
13:50:45:955,35361,126105,115894,10543,0,0,0
13:50:45:978,35383,126059,115831,10544,0,0,0
13:50:46:001,35404,126195,115842,10619,0,0,0
13:50:46:024,35426,126581,116042,10685,0,0,0
13:50:46:065,35447,127016,116209,10755,0,0,0
13:50:46:068,35469,127330,116358,10845,0,0,0
13:50:46:079,35490,127507,116425,10894,0,0,0
13:50:46:103,35512,127689,116462,10964,0,0,0
13:50:46:127,35533,127922,116610,11062,0,0,0
13:50:46:162,35555,128035,116645,11125,0,0,0
13:50:46:172,35576,128115,116653,11154,0,0,0
13:50:46:193,35598,128183,116698,11218,0,0,0
13:50:46:217,35620,128202,116700,11237,0,0,0
13:50:46:240,35641,128257,116710,11338,0,0,0
13:50:46:286,35663,128254,116716,11329,0,0,0
13:50:46:286,35684,128273,116686,11411,0,0,0
13:50:46:308,35706,128303,116675,11422,0,0,0
13:50:46:331,35727,128305,116660,11450,0,0,0
13:50:46:352,35749,128341,116665,11518,0,0,0
13:50:46:375,35770,128343,116627,11514,0,0,0
13:50:46:386,35792,128364,116609,11556,0,0,0
13:50:46:408,35813,128391,116622,11562,0,0,0
13:50:46:434,35835,128338,116576,11595,0,0,0
13:50:46:455,35856,128336,116604,11641,0,0,0
13:50:46:510,35878,128211,116515,11642,0,0,0
13:50:46:510,35899,128232,116448,11692,0,0,0
13:50:46:521,35921,128220,116393,11713,0,0,0
13:50:46:540,35942,128261,116394,11750,0,0,0
13:50:46:594,35964,128253,116390,11746,0,0,0
13:50:46:594,35985,128275,116364,11761,0,0,0
13:50:46:609,36007,128320,116390,11768,0,0,0
13:50:46:630,36029,128280,116359,11778,0,0,0
13:50:46:653,36050,128349,116354,11827,0,0,0
13:50:46:675,36072,128331,116330,11807,0,0,0
13:50:46:716,36093,128362,116320,11851,0,0,0
13:50:46:716,36115,128354,116337,11836,0,0,0
13:50:46:761,36136,128429,116352,11871,0,0,0
13:50:46:761,36158,128421,116321,11869,0,0,0
13:50:46:776,36179,128433,116316,11913,0,0,0
13:50:46:799,36201,128447,116345,11907,0,0,0
13:50:46:822,36223,128395,116306,11922,0,0,0
13:50:46:844,36245,128416,116294,11956,0,0,0
13:50:46:867,36266,128365,116265,11930,0,0,0
13:50:46:890,36288,128346,116230,11982,0,0,0
13:50:46:936,36310,128340,116216,11983,0,0,0
13:50:46:937,36331,128284,116167,11975,0,0,0
13:50:46:957,36353,128297,116142,12009,0,0,0
13:50:46:980,36374,128209,116116,12005,0,0,0
13:50:47:002,36396,128216,116052,12029,0,0,0
13:50:47:013,36417,128178,116001,12038,0,0,0
13:50:47:036,36439,128194,115985,12082,0,0,0
13:50:47:058,36460,128140,115953,12072,0,0,0
13:50:47:083,36482,128133,115901,12114,0,0,0
13:50:47:103,36503,128118,115901,12107,0,0,0
13:50:47:144,36525,128078,115861,12105,0,0,0
13:50:47:148,36546,128112,115890,12144,0,0,0
13:50:47:171,36568,128089,115863,12118,0,0,0
13:50:47:195,36589,128077,115829,12160,0,0,0
13:50:47:219,36611,128046,115895,12155,0,0,0
13:50:47:242,36632,127992,115784,12169,0,0,0
13:50:47:265,36654,128014,115780,12151,0,0,0
13:50:47:287,36676,128020,115751,12201,0,0,0
13:50:47:309,36698,128052,115782,12185,0,0,0
13:50:47:320,36719,128033,115747,12199,0,0,0
13:50:47:368,36741,128083,115761,12206,0,0,0
13:50:47:368,36762,128049,115739,12203,0,0,0
13:50:47:389,36784,128059,115721,12236,0,0,0
13:50:47:433,36827,128076,115722,12229,0,0,0
13:50:47:455,36848,128119,115744,12245,0,0,0
13:50:47:489,36870,128104,115709,12233,0,0,0
13:50:47:499,36891,128100,115715,12299,0,0,0
13:50:47:523,36913,128099,115685,12262,0,0,0
13:50:47:544,36934,128131,115714,12281,0,0,0
13:50:47:565,36956,128109,115690,12272,0,0,0
13:50:47:613,36977,128120,115684,12305,0,0,0
13:50:47:613,36999,128134,115686,12283,0,0,0
13:50:47:632,37020,128101,115669,12289,0,0,0
13:50:47:642,37042,128136,115673,12310,0,0,0
13:50:47:666,37064,128118,115684,12283,0,0,0
13:50:47:688,37085,128156,115668,12327,0,0,0
13:50:47:710,37107,128188,115722,12313,0,0,0
13:50:47:733,37128,128127,115668,12313,0,0,0
13:50:47:759,37150,128177,115668,12328,0,0,0
13:50:47:780,37171,128212,115666,12355,0,0,0