time,spo2,hr,temp
11:31:24,11,0,0
11:31:24,20,12,0
11:31:24,0,32,0
11:31:24,10,0,0
11:31:24,42,45,0
11:31:24,0,14,0
11:31:24,0,0,0
11:31:24,30,0,0
11:31:24,26,74,0
11:31:24,0,0,0
11:31:24,8,0,0
11:31:24,0,18,0
11:31:24,11,0,0
11:31:24,0,26,0
11:31:24,41,5,0
11:31:24,0,0,0
11:31:24,83,26,0
11:31:24,19,0,0
11:31:24,0,20,0
11:31:24,37,12,0
11:31:24,0,0,0
11:31:24,24,23,0
11:31:24,26,0,0
11:31:24,0,17,0
11:31:24,19,17,0
11:31:24,0,0,0
11:31:24,5,29,0
11:31:24,20,0,0
11:31:24,0,0,0
11:31:24,19,19,0
11:31:24,0,0,0
11:31:24,0,34,0
11:31:24,12,0,0
11:31:24,0,12,0
11:31:25,12,12,0
11:31:25,2,0,0
11:31:25,0,26,0
11:31:25,27,0,0
11:31:25,0,2,0
11:31:25,20,7,0
11:31:25,0,0,0
11:31:25,0,37,0
11:31:25,30,6,0
11:31:25,0,0,0
11:31:25,7,28,0
11:31:25,18,0,0
11:31:25,0,18,0
11:31:25,29,0,0
11:31:25,0,0,0
11:31:25,9,15,0
11:31:25,16,0,0
11:31:25,0,15,0
11:31:25,21,6,0
11:31:25,0,0,0
11:31:25,0,32,0
11:31:25,0,0,0
11:31:25,0,20,0
11:31:25,26,10,0
11:31:25,0,0,0
11:31:25,2,24,0
11:31:25,82,0,0
11:31:25,0,6,0
11:31:25,31,20,0
11:31:25,4,0,0
11:31:25,0,23,0
11:31:25,34,0,0
11:31:25,0,3,0
11:31:25,26,22,0
11:31:25,0,0,0
11:31:25,0,28,0
11:31:25,62,0,0
11:31:25,0,0,0
11:31:25,17,0,0
11:31:26,4,0,0
11:31:26,0,16,0
11:31:26,19,9,0
11:31:26,0,0,0
11:31:26,0,70,0
11:31:26,0,0,0
11:31:26,0,28,0
11:31:26,36,4,0
11:31:26,0,0,0
11:31:26,4,24,0
11:31:26,16,0,0
11:31:26,0,15,0
11:31:26,37,17,0
11:31:26,0,0,0
11:31:26,9,36,0
11:31:26,20,0,0
11:31:26,0,10,0
11:31:26,25,8,0
11:31:26,2,0,0
11:31:26,0,24,0
11:31:26,35,0,0
11:31:26,0,0,0
11:31:26,45,15,0
11:31:26,0,0,0
11:31:26,0,26,0
11:31:26,9,0,0
11:31:26,0,0,0
11:31:26,27,25,0
11:31:26,0,0,0
11:31:26,0,4,0
11:31:26,35,0,0
11:31:26,0,0,0
11:31:26,11,25,0
11:31:26,21,0,0
11:31:26,0,27,0
11:31:26,24,13,0
11:31:26,0,0,0
11:31:26,11,27,0
11:31:27,26,0,0
11:31:27,0,29,0
11:31:27,30,12,0
11:31:27,0,0,0
11:31:27,1,24,0
11:31:27,16,0,0
11:31:27,0,14,0
11:31:27,17,10,0
11:31:27,48,0,0
11:31:27,0,31,0
11:31:27,6,31,0
11:31:27,0,3,0
11:31:27,23,16,0
11:31:27,3,0,0
11:31:27,0,30,0
11:31:27,17,0,0
11:31:27,0,1,0
11:31:27,24,20,0
11:31:27,2,0,0
11:31:27,0,24,0
11:31:27,38,53,0
11:31:27,0,0,0
11:31:27,24,26,0
11:31:27,14,0,0
11:31:27,0,32,0
11:31:27,32,0,0
11:31:27,0,0,0
11:31:27,12,0,0
11:31:27,6,0,0
11:31:27,0,17,0
11:31:27,25,7,0
11:31:27,0,0,0
11:31:27,11,25,0
11:31:27,9,0,0
11:31:27,0,26,0
11:31:27,41,10,0
11:31:27,0,0,0
11:31:27,5,20,0
11:31:27,10,0,0
11:31:27,0,3,0
11:31:27,32,26,0
11:31:27,0,0,0
11:31:28,0,30,0
11:31:28,22,0,0
11:31:28,0,0,0
11:31:28,21,23,0
11:31:28,0,0,0
11:31:28,35,20,0
11:31:28,0,0,0
11:31:28,0,34,0
11:31:28,29,0,0
11:31:28,0,0,0
11:31:28,16,7,0
11:31:28,0,31,0
11:31:28,26,0,0
11:31:28,30,0,0
11:31:28,12,32,0
11:31:28,0,14,0
11:31:28,49,0,0
11:31:28,0,0,0
11:31:28,11,33,0
11:31:28,0,20,0
11:31:28,20,5,0
11:31:28,0,31,0
11:31:28,0,35,0
11:31:28,25,0,0
11:31:28,0,12,0
11:31:28,0,0,0
11:31:28,0,27,0
11:31:28,91,0,0
11:31:28,0,0,0
11:31:28,0,24,0
11:31:28,28,0,0
11:31:28,7,0,0
11:31:28,0,32,0
11:31:28,17,2,0
11:31:28,0,0,0
11:31:28,7,0,0
11:31:28,0,24,0
11:31:28,26,8,0
11:31:28,0,0,0
11:31:28,15,53,0
11:31:28,14,0,0
11:31:29,28,1,0
11:31:29,0,0,0
11:31:29,69,26,0
11:31:29,14,0,0
11:31:29,28,10,0
11:31:29,10,35,0
11:31:29,20,0,0
11:31:29,15,11,0
11:31:29,2,0,0
11:31:29,39,38,0
11:31:29,30,0,0
11:31:29,19,24,0
11:31:29,0,0,0
11:31:29,8,0,0
11:31:29,0,0,0
11:31:29,25,26,0
11:31:29,7,0,0
11:31:29,0,60,0
11:31:29,23,57,0
11:31:29,0,56,0
11:31:29,21,52,0
11:31:29,13,0,0
11:31:29,0,0,0
11:31:29,15,0,0
11:31:29,0,0,0
11:31:29,12,22,0
11:31:29,7,0,0
11:31:29,0,28,0
11:31:29,29,13,0
11:31:29,0,0,0
11:31:29,0,28,0
11:31:29,26,0,0
11:31:29,0,18,0
11:31:29,21,27,0
11:31:29,0,0,0
11:31:29,0,21,0
11:31:29,30,0,0
11:31:29,0,1,0
11:31:29,23,15,0
11:31:29,17,0,0
11:31:29,0,45,0
11:31:29,25,4,0
11:31:29,0,10,0
11:31:30,22,5,0
11:31:30,0,0,0
11:31:30,0,0,0
11:31:30,8,0,0
11:31:30,0,23,0
11:31:30,0,0,0
11:31:30,26,0,0
11:31:30,25,26,0
11:31:30,0,0,0
11:31:30,7,0,0
11:31:30,24,9,0
11:31:30,0,60,0
11:31:30,6,0,0
11:31:30,23,57,0
11:31:30,0,23,0
11:31:30,0,56,0
11:31:30,41,0,0
11:31:30,21,52,0
11:31:30,0,0,0
11:31:30,13,0,0
11:31:30,19,29,0
11:31:30,0,0,0
11:31:30,21,0,0
11:31:31,15,0,0
11:31:31,0,19,0
11:31:31,0,0,0
11:31:31,26,6,0
11:31:31,12,22,0
11:31:31,4,0,0
11:31:31,7,0,0
11:31:31,70,33,0
11:31:31,0,28,0
11:31:31,73,0,0
11:31:31,29,13,0
11:31:31,0,22,0
11:31:31,0,0,0
11:31:32,0,7,0
11:31:32,0,28,0
11:31:32,0,0,0
11:31:32,26,0,0
11:31:32,0,29,0
11:31:32,0,18,0
11:31:32,9,0,0
11:31:32,21,27,0
11:31:32,0,16,0
11:31:32,0,0,0
11:31:32,34,14,0
11:31:32,0,21,0
11:31:32,0,0,0
11:31:32,30,0,0
11:31:33,0,74,0
11:31:33,0,1,0
11:31:33,23,49,0
11:31:33,23,15,0
11:31:33,0,18,0
11:31:33,17,0,0
11:31:33,26,19,0
11:31:33,0,45,0
11:31:33,25,4,0
11:31:33,25,4,0
11:31:33,0,10,0
11:31:33,0,0,0
11:31:33,22,5,0
11:31:33,0,7,0
11:31:34,0,0,0
11:31:34,27,12,0
11:31:34,0,23,0
11:31:34,1,0,0
11:31:34,26,0,0
11:31:34,0,35,0
11:31:34,0,0,0
11:31:34,26,0,0
11:31:34,24,9,0
11:31:34,0,0,0
11:31:34,6,0,0
11:31:34,14,26,0
11:31:34,0,23,0
11:31:34,10,0,0
11:31:35,41,0,0
11:31:35,0,23,0
11:31:35,0,0,0
11:31:35,31,10,0
11:31:35,19,29,0
11:31:35,0,0,0
11:31:35,21,0,0
11:31:35,25,26,0
11:31:35,0,19,0
11:31:35,25,0,0
11:31:35,26,6,0
11:31:35,0,29,0
11:31:35,4,0,0
11:31:35,36,0,0
11:31:36,70,33,0
11:31:36,0,0,0
11:31:36,73,0,0
11:31:36,4,17,0
11:31:36,0,22,0
11:31:36,27,0,0
11:31:36,0,7,0
11:31:36,0,11,0
11:31:36,0,0,0
11:31:36,32,19,0
11:31:36,0,29,0
11:31:36,0,0,0
11:31:37,9,0,0
11:31:37,0,36,0
11:31:37,0,16,0
11:31:37,27,0,0
11:31:37,34,14,0
11:31:37,0,0,0
11:31:37,0,0,0
11:31:37,30,4,0
11:31:37,0,74,0
11:31:37,0,0,0
11:31:37,23,49,0
11:31:37,0,35,0
11:31:37,0,18,0
11:31:37,27,0,0
11:31:38,26,19,0
11:31:38,0,2,0
11:31:38,0,0,0
11:31:38,32,19,0
11:31:38,0,0,0
11:31:38,0,0,0
11:31:38,28,0,0
11:31:38,0,35,0
11:31:38,0,7,0
11:31:38,18,1,0
11:31:38,27,12,0
11:31:38,18,0,0
11:31:38,1,0,0
11:31:38,43,24,0
11:31:39,0,35,0
11:31:39,18,0,0
11:31:39,26,0,0
11:31:39,0,21,0
11:31:39,0,0,0
11:31:39,0,0,0
11:31:39,14,26,0
11:31:39,0,0,0
11:31:39,10,0,0
11:31:39,6,26,0
11:31:39,0,23,0
11:31:39,10,0,0
11:31:39,31,10,0
11:31:40,0,28,0
11:31:40,0,0,0
11:31:40,24,0,0
11:31:40,25,26,0
11:31:40,0,0,0
11:31:40,25,0,0
11:31:40,11,89,0
11:31:40,0,29,0
11:31:40,16,35,0
11:31:40,36,0,0
11:31:40,0,14,0
11:31:40,0,0,0
11:31:40,26,6,0
11:31:40,4,17,0
11:31:41,27,0,0
11:31:41,27,0,0
11:31:41,0,11,0
11:31:41,0,0,0
11:31:41,32,19,0
11:31:41,0,13,0
11:31:41,0,0,0
11:31:41,43,15,0
11:31:41,0,36,0
11:31:41,0,0,0
11:31:41,27,0,0
11:31:41,0,31,0
11:31:41,0,0,0
11:31:41,15,0,0
11:31:42,30,4,0
11:31:42,0,10,0
11:31:42,0,0,0
11:31:42,27,15,0
11:31:42,0,35,0
11:31:42,0,0,0
11:31:42,27,0,0
11:31:42,0,39,0
11:31:42,0,2,0
11:31:42,23,0,0
11:31:42,32,19,0
11:31:42,0,0,0
11:31:42,0,0,0
11:31:43,27,17,0
11:31:43,0,35,0
11:31:43,8,0,0
11:31:43,18,1,0
11:31:43,0,26,0
11:31:43,18,0,0
11:31:43,23,0,0
11:31:43,43,24,0
11:31:43,0,0,0
11:31:43,18,0,0
11:31:44,29,28,0
11:31:44,0,21,0
11:31:44,5,0,0
11:31:44,0,0,0
11:31:44,0,33,0
11:31:44,0,0,0
11:31:44,29,0,0
11:31:44,6,26,0
11:31:44,0,0,0
11:31:44,10,0,0
11:31:44,13,26,0
11:31:44,0,28,0
11:31:45,6,0,0
11:31:45,24,0,0
11:31:45,0,46,0
11:31:45,0,0,0
11:31:45,15,0,0
11:31:45,11,89,0
11:31:45,0,0,0
11:31:45,16,35,0
11:31:45,12,17,0
11:31:45,0,14,0
11:31:45,24,0,0
11:31:45,26,6,0
11:31:45,0,22,0
11:31:46,0,0,0
11:31:46,26,6,0
11:31:46,0,0,0
11:31:46,0,0,0
11:31:46,19,0,0
11:31:46,22,43,0
11:31:46,0,13,0
11:31:46,57,0,0
11:31:46,43,15,0
11:31:46,15,20,0
11:31:46,0,0,0
11:31:46,57,17,0
11:31:47,0,31,0
11:31:47,7,0,0
11:31:47,15,0,0
11:31:47,0,29,0
11:31:47,0,10,0
11:31:47,0,0,0
11:31:47,27,15,0
11:31:47,0,3,0
11:31:47,0,0,0
11:31:47,26,24,0
11:31:47,0,39,0
11:31:47,0,0,0
11:31:47,23,0,0
11:31:48,0,40,0
11:31:48,0,0,0
11:31:48,25,0,0
11:31:48,27,17,0
11:31:48,0,55,0
11:31:48,8,0,0
11:31:48,26,83,0
11:31:48,0,26,0
11:31:48,2,29,0
11:31:48,23,0,0
11:31:48,0,33,0
11:31:48,0,0,0
11:31:49,29,28,0
11:31:49,29,28,0
11:31:49,5,0,0
11:31:49,5,0,0
11:31:49,0,33,0
11:31:49,0,0,0
11:31:49,29,0,0
11:31:49,0,29,0
11:31:49,0,0,0
11:31:49,36,6,0
11:31:49,13,26,0
11:31:49,0,0,0
11:31:50,6,0,0
11:31:50,14,25,0
11:31:50,0,46,0
11:31:50,9,0,0
11:31:50,15,0,0
11:31:50,0,31,0
11:31:50,0,0,0
11:31:50,40,10,0
11:31:50,12,17,0
11:31:50,0,0,0
11:31:50,24,0,0
11:31:50,7,33,0
11:31:51,0,22,0
11:31:51,14,0,0
11:31:51,26,6,0
11:31:51,0,16,0
11:31:51,0,0,0
11:31:51,44,5,0
11:31:51,22,43,0
11:31:51,0,0,0
11:31:51,57,0,0
11:31:51,0,30,0
11:31:51,15,20,0
11:31:51,13,0,0
11:31:52,57,17,0
11:31:52,0,25,0
11:31:52,7,0,0
11:31:52,28,15,0
11:31:52,0,29,0
11:31:52,0,0,0
11:31:52,0,0,0
11:31:52,0,31,0
11:31:52,0,3,0
11:31:52,23,0,0
11:31:52,26,24,0
11:31:53,0,1,0
11:31:53,0,0,0
11:31:53,32,18,0
11:31:53,0,40,0
11:31:53,5,0,0
11:31:53,25,0,0
11:31:53,0,21,0
11:31:53,0,55,0
11:31:53,16,0,0
11:31:53,26,83,0
11:31:53,0,9,0
11:31:53,2,29,0
11:31:53,30,17,0
11:31:54,0,33,0
11:31:54,0,0,0
11:31:54,29,0,0
11:31:54,0,18,0
11:31:54,0,0,0
11:31:54,30,0,0
11:31:54,25,0,0
11:31:54,0,0,0
11:31:54,10,0,0
11:31:54,17,20,0
11:31:54,0,29,0
11:31:54,29,0,0
11:31:55,36,6,0
11:31:55,28,27,0
11:31:55,0,0,0
11:31:55,61,5,0
11:31:55,14,25,0
11:31:55,0,0,0
11:31:55,9,0,0
11:31:55,0,29,0
11:31:55,0,31,0
11:31:55,0,0,0
11:31:55,40,10,0
11:31:55,0,29,0
11:31:56,0,0,0
11:31:56,16,6,0
11:31:56,7,33,0
11:31:56,0,0,0
11:31:56,14,0,0
11:31:56,6,20,0
11:31:56,0,16,0
11:31:56,16,0,0
11:31:56,44,5,0
11:31:56,0,48,0
11:31:56,0,0,0
11:31:56,23,84,0
11:31:57,0,30,0
11:31:57,0,0,0
11:31:57,13,0,0
11:31:57,7,31,0
11:31:57,0,25,0
11:31:57,17,0,0
11:31:57,28,15,0
11:31:57,0,0,0
11:31:57,0,0,0
11:31:57,0,31,0
11:31:57,0,0,0
11:31:57,23,0,0
11:31:58,0,37,0
11:31:58,0,1,0
11:31:58,14,0,0
11:31:58,32,18,0
11:31:58,0,11,0
11:31:58,5,0,0
11:31:58,17,23,0
11:31:58,0,21,0
11:31:58,8,0,0
11:31:58,16,0,0
11:31:58,0,37,0
11:31:58,0,9,0
11:31:59,17,0,0
11:31:59,30,17,0
11:31:59,0,0,0
11:31:59,0,0,0
11:31:59,19,19,0
11:31:59,0,18,0
11:31:59,0,0,0
11:31:59,30,0,0
11:31:59,0,34,0
11:31:59,0,0,0
11:31:59,21,0,0
11:31:59,17,20,0
11:32:00,0,0,0
11:32:00,29,0,0
11:32:00,27,25,0
11:32:00,28,27,0
11:32:00,0,0,0
11:32:00,61,5,0
11:32:00,0,24,0
11:32:00,0,0,0
11:32:00,30,0,0
11:32:00,0,29,0
11:32:00,0,0,0
11:32:01,0,0,0
11:32:01,18,21,0
11:32:01,0,29,0
11:32:01,14,0,0
11:32:01,16,6,0
11:32:01,0,43,0
11:32:01,0,0,0
11:32:01,29,6,0
11:32:01,6,20,0
11:32:01,0,0,0
11:32:01,16,0,0
11:32:01,21,29,0
11:32:02,0,48,0
11:32:02,13,0,0
11:32:02,23,84,0
11:32:02,0,34,0
11:32:02,0,0,0
11:32:02,30,0,0
11:32:02,7,31,0
11:32:02,0,0,0
11:32:02,17,0,0
11:32:02,11,13,0
11:32:02,0,0,0
11:32:02,18,0,0
11:32:02,39,0,0
11:32:03,0,17,0
11:32:03,3,0,0
11:32:03,72,19,0
11:32:03,0,37,0
11:32:03,28,0,0
11:32:03,14,0,0
11:32:03,67,28,0
11:32:03,0,11,0
11:32:03,57,0,0
11:32:03,17,23,0
11:32:03,0,5,0
11:32:03,8,0,0
11:32:04,0,15,0
11:32:04,0,37,0
11:32:04,0,0,0
11:32:04,17,0,0
11:32:04,0,39,0
11:32:04,0,0,0
11:32:04,11,0,0
11:32:04,19,19,0
11:32:04,0,18,0
11:32:04,0,0,0
11:32:04,22,24,0
11:32:04,0,34,0
11:32:05,0,0,0
11:32:05,21,0,0
11:32:05,0,72,0
11:32:05,0,0,0
11:32:05,26,63,0
11:32:05,27,25,0
11:32:05,0,32,0
11:32:05,0,0,0
11:32:05,36,20,0
11:32:05,0,24,0
11:32:05,11,0,0
11:32:05,30,0,0
11:32:06,0,0,0
11:32:06,0,0,0
11:32:06,18,21,0
11:32:06,18,0,0
11:32:06,14,0,0
11:32:06,11,27,0
11:32:06,0,43,0
11:32:06,18,0,0
11:32:06,29,6,0
11:32:06,0,31,0
11:32:06,0,0,0
11:32:07,25,7,0
11:32:07,21,29,0
11:32:07,0,0,0
11:32:07,13,0,0
11:32:07,4,30,0
11:32:07,0,34,0
11:32:07,26,0,0
11:32:07,30,0,0
11:32:07,0,18,0
11:32:07,0,0,0
11:32:07,38,9,0
11:32:07,11,13,0
11:32:08,0,0,0
11:32:08,18,0,0
11:32:08,9,27,0
11:32:08,0,17,0
11:32:08,19,0,0
11:32:08,72,19,0
11:32:08,0,3,0
11:32:08,28,0,0
11:32:08,35,0,0
11:32:08,67,28,0
11:32:08,0,0,0
11:32:09,57,0,0
11:32:09,0,34,0
11:32:09,0,5,0
11:32:09,22,0,0
11:32:09,0,15,0
11:32:09,0,5,0
11:32:09,0,0,0
11:32:09,27,11,0
11:32:09,0,39,0
11:32:09,7,0,0
11:32:09,11,0,0
11:32:09,0,32,0
11:32:10,0,18,0
11:32:10,42,0,0
11:32:10,22,24,0
11:32:10,0,7,0
11:32:10,0,0,0
11:32:10,44,20,0
11:32:10,0,72,0
11:32:10,0,0,0
11:32:10,26,63,0
11:32:10,0,32,0
11:32:10,0,32,0
11:32:10,23,0,0
11:32:11,36,20,0
11:32:11,0,0,0
11:32:11,11,0,0
11:32:11,26,29,0
11:32:11,0,0,0
11:32:11,13,0,0
11:32:11,27,0,0
11:32:11,0,32,0
11:32:11,0,0,0
11:32:11,30,0,0
11:32:11,11,27,0
11:32:12,2,0,0
11:32:12,18,0,0
11:32:12,80,26,0
11:32:12,0,31,0
11:32:12,69,0,0
11:32:12,25,7,0
11:32:12,0,18,0
11:32:12,0,0,0
11:32:12,0,0,0
11:32:12,4,30,0
11:32:12,0,0,0
11:32:12,26,0,0
11:32:13,0,17,0
11:32:13,0,18,0
11:32:13,0,0,0
11:32:13,38,9,0
11:32:13,0,24,0
11:32:13,0,0,0
11:32:13,36,16,0
11:32:13,9,27,0
11:32:13,0,0,0
11:32:13,19,0,0
11:32:13,0,56,0
11:32:13,0,3,0
11:32:14,9,42,0
11:32:14,35,0,0
11:32:14,0,37,0
11:32:14,0,0,0
11:32:14,28,15,0
11:32:14,0,34,0
11:32:14,22,0,0
11:32:14,22,0,0
11:32:14,0,5,0
11:32:14,0,0,0
11:32:14,27,11,0
11:32:14,27,2,0
11:32:15,7,0,0
11:32:15,23,17,0
11:32:15,0,32,0
11:32:15,0,0,0
11:32:15,42,0,0
11:32:15,0,27,0
11:32:15,0,7,0
11:32:15,18,0,0
11:32:15,44,20,0
11:32:15,0,0,0
11:32:15,0,0,0
11:32:16,16,10,0
11:32:16,0,32,0
11:32:16,0,0,0
11:32:16,23,0,0
11:32:16,0,18,0
11:32:16,0,0,0
11:32:16,22,0,0
11:32:16,26,29,0
11:32:16,0,0,0
11:32:16,13,0,0
11:32:16,16,24,0
11:32:16,0,32,0
11:32:17,5,0,0
11:32:17,30,0,0
11:32:17,0,28,0
11:32:17,2,0,0
11:32:17,39,0,0
11:32:17,80,26,0
11:32:17,0,0,0
11:32:17,69,0,0
11:32:17,15,31,0
11:32:17,0,18,0
11:32:18,7,0,0
11:32:18,0,0,0
11:32:18,0,27,0
11:32:18,0,0,0
11:32:18,23,2,0
11:32:18,0,17,0
11:32:18,0,0,0
11:32:18,0,0,0
11:32:18,14,22,0
11:32:18,0,24,0
11:32:18,11,0,0
11:32:18,36,16,0
11:32:19,0,26,0
11:32:19,0,0,0
11:32:19,37,16,0
11:32:19,0,56,0
11:32:19,0,0,0
11:32:19,9,42,0
11:32:19,0,27,0
11:32:19,0,37,0
11:32:19,19,0,0
11:32:19,28,15,0
11:32:19,0,8,0
11:32:20,0,0,0
11:32:20,28,5,0
11:32:20,2,0,0
11:32:20,2,0,0
11:32:20,18,0,0
11:32:20,0,32,0
11:32:20,0,2,0
11:32:20,37,0,0
11:32:20,23,17,0
11:32:20,22,0,0
11:32:20,0,0,0
11:32:20,101,18,0
11:32:21,0,27,0
11:32:21,45,0,0
11:32:21,18,0,0
11:32:21,0,29,0
11:32:21,0,0,0
11:32:21,0,0,0
11:32:21,16,10,0
11:32:21,0,7,0
11:32:21,0,0,0
11:32:21,0,20,0
11:32:21,0,18,0
11:32:22,0,0,0
11:32:22,22,0,0
11:32:22,0,34,0
11:32:22,0,0,0
11:32:22,32,0,0
11:32:22,16,24,0
11:32:22,0,3,0
11:32:22,5,0,0
11:32:22,23,68,0
11:32:22,0,28,0
11:32:22,6,43,0
11:32:23,39,0,0
11:32:23,0,65,0
11:32:23,0,0,0
11:32:23,20,9,0
11:32:23,15,31,0
11:32:23,7,0,0
11:32:23,7,0,0
11:32:23,0,27,0
11:32:23,0,0,0
11:32:23,23,2,0
11:32:23,23,2,0
11:32:23,0,0,0
11:32:24,50,4,0
11:32:24,14,22,0
11:32:24,0,0,0
11:32:24,11,0,0
11:32:24,10,29,0
11:32:24,0,26,0
11:32:24,17,0,0
11:32:24,37,16,0
11:32:24,0,4,0
11:32:24,0,0,0
11:32:24,39,14,0
11:32:25,0,27,0
11:32:25,0,0,0
11:32:25,19,0,0
11:32:25,0,39,0
11:32:25,0,8,0
11:32:25,9,0,0
11:32:25,28,5,0
11:32:25,0,14,0
11:32:25,2,0,0
11:32:25,25,10,0
11:32:25,0,32,0
11:32:25,0,0,0
11:32:26,37,0,0
11:32:26,0,29,0
11:32:26,22,0,0
11:32:26,17,0,0
11:32:26,101,18,0
11:32:26,0,8,0
11:32:26,45,0,0
11:32:26,31,23,0
11:32:26,0,29,0
11:32:26,0,0,0
11:32:27,0,0,0
11:32:27,0,35,0
11:32:27,0,7,0
11:32:27,35,0,0
11:32:27,0,20,0
11:32:27,0,0,0
11:32:27,0,0,0
11:32:27,24,20,0
11:32:27,0,34,0
11:32:27,0,0,0
11:32:27,32,0,0
11:32:28,0,37,0
11:32:28,0,3,0
11:32:28,25,0,0
11:32:28,23,68,0
11:32:28,0,0,0
11:32:28,6,43,0
11:32:28,26,11,0
11:32:28,0,65,0
11:32:28,6,0,0
11:32:28,20,9,0
11:32:28,0,23,0
11:32:28,0,0,0
11:32:29,19,2,0
11:32:29,14,0,0
11:32:29,0,0,0
11:32:29,5,0,0
11:32:29,28,24,0
11:32:29,0,2,0
11:32:29,8,0,0
11:32:29,50,4,0
11:32:29,0,21,0
11:32:29,0,0,0
11:32:29,98,9,0
11:32:30,10,29,0
11:32:30,37,0,0
11:32:30,17,0,0
11:32:30,8,28,0
11:32:30,0,4,0
11:32:30,0,0,0
11:32:30,39,14,0
11:32:30,0,27,0
11:32:30,0,0,0
11:32:30,0,12,0
11:32:30,0,39,0
11:32:31,0,0,0
11:32:31,9,0,0
11:32:31,0,30,0
11:32:31,0,14,0
11:32:31,15,0,0
11:32:31,25,10,0
11:32:31,0,8,0
11:32:31,0,0,0
11:32:31,25,20,0
11:32:31,0,29,0
11:32:32,0,23,0
11:32:32,17,0,0
11:32:32,0,102,0
11:32:32,0,8,0
11:32:32,13,0,0
11:32:32,31,23,011:32:36,0,24,0
11:32:37,0,0,0
11:32:37,0,35,0
11:32:37,0,0,0
11:32:37,35,0,0
11:32:37,35,4,0
11:32:37,0,0,0
11:32:37,0,0,0
11:32:37,24,20,0
11:32:37,0,8,0
11:32:37,0,0,0
11:32:37,20,11,0
11:32:38,0,37,0
11:32:38,0,0,0
11:32:38,25,0,0
11:32:38,0,31,0
11:32:38,0,0,0
11:32:38,20,0,0
11:32:38,26,11,0
11:32:38,0,0,0
11:32:38,6,0,0
11:32:38,23,25,0
11:32:38,0,23,0
11:32:39,12,0,0
11:32:39,19,2,0
11:32:39,0,20,0
11:32:39,0,0,0
11:32:39,36,1,0
11:32:39,28,24,0
11:32:39,0,0,0
11:32:39,8,0,0
11:32:39,7,24,0
11:32:39,0,21,0
11:32:40,0,0,0
11:32:40,98,9,0
11:32:40,0,28,0
11:32:40,37,0,0
11:32:40,21,0,0
11:32:40,8,28,0
11:32:40,0,0,0
11:32:40,0,0,0
11:32:40,14,37,0
11:32:40,0,27,0
11:32:41,11,0,0
11:32:41,0,12,0
11:32:41,0,18,0
11:32:41,0,0,0
11:32:41,22,14,0
11:32:41,0,30,0
11:32:41,0,0,0
11:32:41,15,0,0
11:32:41,3,32,0
11:32:41,0,8,0
11:32:42,32,0,0
11:32:42,25,20,0
11:32:42,0,30,0
11:32:42,0,23,0
11:32:42,28,5,0
11:32:42,0,102,0
11:32:42,0,0,0
11:32:42,13,0,0
11:32:42,0,23,0
11:32:42,0,24,0
11:32:42,22,0,0
11:32:43,37,0,0
11:32:43,0,10,0
11:32:43,0,0,0
11:32:43,37,8,0
11:32:43,0,4,0
11:32:43,5,0,0
11:32:43,27,0,0
11:32:43,21,30,0
11:32:43,0,8,0
11:32:43,81,0,0
11:32:43,20,11,0
11:32:44,34,2,0
11:32:44,0,0,0
11:32:44,44,32,0
11:32:44,0,31,0
11:32:44,11,0,0
11:32:44,20,0,0
11:32:44,0,24,0
11:32:44,0,0,0
11:32:44,0,0,0
11:32:44,23,25,0
11:32:45,0,0,0
11:32:45,12,0,0
11:32:45,23,24,0
11:32:45,0,20,0
11:32:45,11,0,0
11:32:45,36,1,0
11:32:45,0,23,0
11:32:45,0,0,0
11:32:45,25,30,0
11:32:45,7,24,0
11:32:45,0,49,0
11:32:46,0,0,0
11:32:46,7,90,0
11:32:46,0,28,0
11:32:46,7,0,0
11:32:46,21,0,0
11:32:46,0,35,0
11:32:46,0,0,0
11:32:46,14,37,0
11:32:46,14,0,0
11:32:46,11,0,0
11:32:47,11,0,0
11:32:47,0,18,0
11:32:47,0,0,0
11:32:47,22,14,0
11:32:47,0,18,0
11:32:47,0,0,0
11:32:47,36,13,0
11:32:47,3,32,0
11:32:47,0,0,0
11:32:47,32,0,0
11:32:47,10,29,0
11:32:48,0,30,0
11:32:48,23,0,0
11:32:48,28,5,0
11:32:48,0,15,0
11:32:48,0,0,0
11:32:48,17,19,0
11:32:48,0,23,0
11:32:48,0,0,0
11:32:48,22,0,0
11:32:48,0,29,0
11:32:48,0,10,0
11:32:49,20,0,0
11:32:49,37,8,0
11:32:49,0,10,0
11:32:49,5,0,0
11:32:49,21,20,0
11:32:49,21,30,0
11:32:49,10,0,0
11:32:49,81,0,0
11:32:49,0,15,0
11:32:49,34,2,0
11:32:50,25,0,0
11:32:50,44,32,0
11:32:50,0,0,0
11:32:50,11,0,0
11:32:50,27,24,0
11:32:50,0,24,0
11:32:50,0,0,0
11:32:50,0,0,0
11:32:50,0,24,0
11:32:50,0,0,0
11:32:50,18,0,0
11:32:51,23,24,0
11:32:51,0,0,0
11:32:51,11,0,0
11:32:51,30,18,0
11:32:51,0,23,0
11:32:51,0,0,0
11:32:51,25,30,0
11:32:51,0,22,0
11:32:51,0,49,0
11:32:51,29,0,0
11:32:52,7,90,0
11:32:52,0,0,0
11:32:52,7,0,0
11:32:52,8,26,0
11:32:52,0,35,0
11:32:52,5,0,0
11:32:52,24,0,0
11:32:52,0,36,0
11:32:52,0,0,0
11:32:52,27,0,0
11:32:52,28,0,0
11:32:53,0,0,0
11:32:53,10,0,0
11:32:53,8,21,0
11:32:53,0,18,0
11:32:53,51,0,0
11:32:53,36,13,0
11:32:53,36,21,0
11:32:53,0,0,0
11:32:53,53,4,0
11:32:53,10,29,0
11:32:53,0,0,0
11:32:54,23,0,0
11:32:54,0,31,0
11:32:54,0,15,0
11:32:54,0,0,0
11:32:54,17,19,0
11:32:54,0,19,0
11:32:54,0,0,0
11:32:54,24,10,0
11:32:54,0,29,0
11:32:54,0,0,0
11:32:54,20,0,0
11:32:55,0,24,0
11:32:55,0,10,0
11:32:55,16,0,0
11:32:55,21,20,0
11:32:55,0,60,0
11:32:55,10,0,0
11:32:55,35,65,0
11:32:55,0,15,0
11:32:55,0,9,0
11:32:55,25,0,0
11:32:56,0,26,0
11:32:56,0,0,0
11:32:56,27,24,0
11:32:56,27,24,0
11:32:56,0,0,0
11:32:56,0,15,0
11:32:56,0,24,0
11:32:56,0,0,0
11:32:56,18,0,0
11:32:56,0,22,0
11:32:57,0,0,0
11:32:57,17,0,0
11:32:57,30,18,0
11:32:57,0,0,0
11:32:57,0,0,0
11:32:57,19,23,0
11:32:57,0,22,0
11:32:57,0,0,0
11:32:57,29,0,0
11:32:57,0,21,0
11:32:57,0,0,0
11:32:58,20,0,0
11:32:58,8,26,0
11:32:58,0,0,0
11:32:58,5,0,0
11:32:58,27,16,0
11:32:58,0,36,0
11:32:58,0,0,0
11:32:58,27,0,0
11:32:58,0,39,0
11:32:58,0,0,0
11:32:59,24,0,0
11:32:59,8,21,0
11:32:59,0,0,0
11:32:59,51,0,0
11:32:59,10,25,0
11:32:59,36,21,0
11:32:59,15,0,0
11:32:59,53,4,0
11:32:59,0,41,0
11:32:59,0,0,0
11:33:00,30,0,0
11:33:00,0,31,0
11:33:00,0,0,0
11:33:00,0,0,0
11:33:00,9,34,0
11:33:00,0,19,0
11:33:00,10,0,0
11:33:00,24,10,0
11:33:00,0,17,0
11:33:00,0,0,0
11:33:01,37,22,0
11:33:01,0,24,0
11:33:01,0,0,0
11:33:01,16,0,0
11:33:01,8,26,0
11:33:01,0,60,0
11:33:01,18,0,0
11:33:01,35,65,0
11:33:01,0,22,0
11:33:01,0,9,0
11:33:02,36,7,0
11:33:02,0,26,0
11:33:02,7,0,0
11:33:02,35,0,0
11:33:02,0,13,0
11:33:02,0,0,0
11:33:02,14,0,0
11:33:02,23,15,0
11:33:02,0,9,0
11:33:02,0,0,0
11:33:03,31,20,0
11:33:03,0,22,0
11:33:03,52,0,0
11:33:03,17,0,0
11:33:03,67,40,0
11:33:03,0,0,0
11:33:03,37,0,0
11:33:03,19,23,0
11:33:03,0,1,0
11:33:03,0,0,0
11:33:04,0,12,0
11:33:04,0,21,0
11:33:04,0,0,0
11:33:04,20,0,0
11:33:04,0,31,0
11:33:04,0,0,0
11:33:04,22,0,0
11:33:04,27,16,0
11:33:04,0,0,0
11:33:04,0,0,0
11:33:04,17,22,0
11:33:05,0,39,0
11:33:05,21,0,0
11:33:05,24,0,0
11:33:05,0,83,0
11:33:05,0,0,0
11:33:05,30,63,0
11:33:05,10,25,0
11:33:05,0,3,0
11:33:05,15,0,0
11:33:06,21,12,0
11:33:06,0,41,0
11:33:06,30,0,0
11:33:06,30,0,0
11:33:06,0,0,0
11:33:06,0,0,0
11:33:06,9,34,0
11:33:06,9,0,0
11:33:07,10,0,0
11:33:07,12,27,0
11:33:07,0,17,0
11:33:07,10,0,0
11:33:07,37,22,0
11:33:07,0,26,0
11:33:07,0,0,0
11:33:07,27,5,0
11:33:08,8,26,0
11:33:08,0,0,0
11:33:08,18,0,0
11:33:08,7,28,0
11:33:08,0,22,0
11:33:08,23,0,0
11:33:08,36,7,0
11:33:08,0,21,0
11:33:08,7,0,0
11:33:09,31,5,0
11:33:09,0,13,0
11:33:09,0,0,0
11:33:09,14,0,0
11:33:09,4,26,0
11:33:09,0,9,0
11:33:09,20,0,0
11:33:09,31,20,0
11:33:10,0,26,0
11:33:10,52,0,0
11:33:10,31,7,0
11:33:10,67,40,0
11:33:10,0,0,0
11:33:10,37,0,0
11:33:10,0,46,0
11:33:10,0,1,0
11:33:10,19,0,0
11:33:11,0,12,0
11:33:11,0,6,0
11:33:11,0,0,0
11:33:11,21,23,0
11:33:11,0,31,0
11:33:11,0,0,0
11:33:11,22,0,0
11:33:11,0,28,0
11:33:12,0,0,0
11:33:12,21,0,0
11:33:12,17,22,0
11:33:12,0,3,0
11:33:12,21,0,0
11:33:12,15,22,0
11:33:12,0,83,0
11:33:12,10,0,0
11:33:12,30,63,0
11:33:13,0,21,0
11:33:13,0,3,0
11:33:13,36,0,0
11:33:13,21,12,0
11:33:13,0,0,0
11:33:13,3,0,0
11:33:13,13,21,0
11:33:13,0,0,0
11:33:13,0,0,0
11:33:14,33,0,0
11:33:14,0,35,0
11:33:14,0,0,0
11:33:14,37,0,0
11:33:14,12,27,0
11:33:14,20,0,0
11:33:14,10,0,0
11:33:14,84,27,0
11:33:14,0,26,0
11:33:15,22,0,0
11:33:15,27,5,0
11:33:15,0,19,0
11:33:15,0,0,0
11:33:15,0,6,0
11:33:15,7,28,0
11:33:15,0,0,0
11:33:15,23,0,0
11:33:16,0,30,0
11:33:16,0,21,0
11:33:16,0,0,0
11:33:16,31,5,0
11:33:16,0,6,0
11:33:16,0,0,0
11:33:16,29,12,0
11:33:17,4,26,0
11:33:17,0,0,0
11:33:17,20,0,0
11:33:17,0,79,0
11:33:17,0,26,0
11:33:17,23,47,0
11:33:17,31,7,0
11:33:18,0,17,0
11:33:18,0,0,0
11:33:18,33,20,0
11:33:18,0,46,0
11:33:18,19,0,0
11:33:18,19,0,0
11:33:18,0,6,0
11:33:19,0,0,0
11:33:19,21,23,0
11:33:19,21,5,0
11:33:19,0,0,0
11:33:19,41,26,0
11:33:19,0,28,0
11:33:19,1,0,0
11:33:19,21,0,0
11:33:19,0,34,0
11:33:20,0,3,0
11:33:20,15,0,0
11:33:20,15,22,0
11:33:20,0,8,0
11:33:20,10,0,0
11:33:20,22,28,0
11:33:20,0,21,0
11:33:20,0,0,0
11:33:21,36,0,0
11:33:21,0,43,0
11:33:21,0,0,0
11:33:21,19,0,0
11:33:21,13,21,0
11:33:21,0,0,0
11:33:21,0,0,0
11:33:21,14,19,0
11:33:22,0,35,0
11:33:22,4,0,0
11:33:22,37,0,0
11:33:22,0,25,0
11:33:22,20,0,0
11:33:23,38,10,0
11:33:23,84,27,0
11:33:23,0,0,0
11:33:23,22,0,0
11:33:23,12,23,0
11:33:23,0,19,0
11:33:23,8,0,0
11:33:23,0,6,0
11:33:24,0,20,0
11:33:24,0,0,0
11:33:24,21,7,0
11:33:24,0,30,0
11:33:24,0,0,0
11:33:24,0,0,0
11:33:24,4,38,0
11:33:25,0,6,0
11:33:25,14,0,0
11:33:25,29,12,0
11:33:25,0,25,0
11:33:25,0,0,0
11:33:25,18,3,0
11:33:26,0,79,0
11:33:26,0,0,0
11:33:26,23,47,0
11:33:26,13,37,0
11:33:26,0,17,0
11:33:26,6,0,0
11:33:26,33,20,0
11:33:27,0,22,0
11:33:27,0,0,0
11:33:27,38,13,0
11:33:27,0,0,0
11:33:27,0,0,0
11:33:27,20,0,0
11:33:27,0,26,0
11:33:28,0,5,0
11:33:28,71,0,0
11:33:28,41,26,0
11:33:28,38,4,0
11:33:28,1,0,0
11:33:28,74,19,0
11:33:28,0,34,0
11:33:29,15,0,0
11:33:29,15,0,0
11:33:29,0,30,0
11:33:29,0,8,0
11:33:29,0,0,0
11:33:29,22,28,0
11:33:30,0,0,0
11:33:30,0,0,0
11:33:30,14,30,0
11:33:30,0,43,0
11:33:30,0,0,0
11:33:30,19,0,0
11:33:31,0,34,0
11:33:31,0,0,0
11:33:31,33,0,0
11:33:31,14,19,0
11:33:31,0,6,0
11:33:31,4,0,0
11:33:32,34,93,0
11:33:32,0,25,0
11:33:32,4,21,0
11:33:32,38,10,0
11:33:32,0,31,0
11:33:32,0,0,0
11:33:32,23,0,0
11:33:32,12,23,0
11:33:32,8,0,0
11:33:33,8,0,0
11:33:33,0,20,0
11:33:33,0,0,0
11:33:33,21,7,0
11:33:33,0,9,0
11:33:33,0,0,0
11:33:33,46,0,0
11:33:34,4,38,0
11:33:34,0,0,0
11:33:34,14,0,0
11:33:34,13,34,0
11:33:34,0,25,0
11:33:34,14,0,0
11:33:34,18,3,0
11:33:34,0,16,0
11:33:35,0,0,0
11:33:35,15,6,0
11:33:35,13,37,0
11:33:35,0,0,0
11:33:35,6,0,0
11:33:35,9,29,0
11:33:35,0,22,0
11:33:36,12,0,0
11:33:36,38,13,0
11:33:36,0,17,0
11:33:36,0,0,0
11:33:36,31,5,0
11:33:36,0,26,0
11:33:37,0,0,0
11:33:37,71,0,0
11:33:37,10,26,0
11:33:37,38,4,0
11:33:37,27,0,0
11:33:37,74,19,0
11:33:37,0,12,0
11:33:37,15,0,0
11:33:38,12,18,0
11:33:38,0,30,0
11:33:38,0,0,0
11:33:38,0,0,0
11:33:38,0,27,0
11:33:38,0,0,0
11:33:38,21,0,0
11:33:38,14,30,0
11:33:38,0,11,0
11:33:39,0,0,0
11:33:39,36,22,0
11:33:39,0,34,0
11:33:39,4,0,0
11:33:39,33,0,0
11:33:39,0,37,0
11:33:40,0,6,0
11:33:40,26,0,0
11:33:40,34,93,0
11:33:40,0,8,0
11:33:40,4,21,0
11:33:40,36,19,0
11:33:40,0,31,0
11:33:40,1,0,0
11:33:40,23,0,0
11:33:41,0,34,0
11:33:41,0,0,0
11:33:41,22,0,0
11:33:41,19,0,0
11:33:41,0,0,0
11:33:41,8,0,0
11:33:41,9,11,0
11:33:42,0,9,0
11:33:42,61,0,0
11:33:42,46,0,0
11:33:42,13,30,0
11:33:42,0,0,0
11:33:42,37,1,0
11:33:42,13,34,0
11:33:42,0,0,0
11:33:42,14,0,0
11:33:43,0,22,0
11:33:43,0,16,0
11:33:43,0,0,0
11:33:43,15,6,0
11:33:43,0,20,0
11:33:43,0,0,0
11:33:43,26,0,0
11:33:44,9,29,0
11:33:44,0,0,0
11:33:44,12,0,0
11:33:44,10,17,0
11:33:44,0,17,0
11:33:44,28,0,0
11:33:44,31,5,0
11:33:44,0,53,0
11:33:44,0,0,0
11:33:44,23,87,0
11:33:45,10,26,0
11:33:45,0,16,0
11:33:45,27,0,0
11:33:45,7,11,0
11:33:45,0,12,0
11:33:45,12,18,0
11:33:45,12,18,0
11:33:45,0,0,0
11:33:45,0,0,0
11:33:46,0,27,0
11:33:46,0,0,0
11:33:46,21,0,0
11:33:46,0,31,0
11:33:46,0,11,0
11:33:46,20,0,0
11:33:46,36,22,0
11:33:46,0,12,0
11:33:46,4,0,0
11:33:47,31,8,0
11:33:47,0,37,0
11:33:47,0,0,0
11:33:47,26,0,0
11:33:47,0,42,0
11:33:47,0,8,0
11:33:47,31,0,0
11:33:47,36,19,0
11:33:48,0,7,0
11:33:48,1,0,0
11:33:48,40,15,0
11:33:48,0,34,0
11:33:48,0,0,0
11:33:48,0,0,0
11:33:48,0,23,0
11:33:48,30,0,0
11:33:48,0,0,0
11:33:49,26,15,0
11:33:49,0,0,0
11:33:49,0,27,0
11:33:49,21,0,0
11:33:49,0,0,0
11:33:49,26,20,0
11:33:49,4,0,0
11:33:49,0,30,0
11:33:49,26,0,0
11:33:50,0,0,0
11:33:50,15,14,0
11:33:50,17,0,0
11:33:50,0,17,0
11:33:50,39,13,0
11:33:50,0,0,0
11:33:50,3,18,0
11:33:50,24,0,0
11:33:50,0,2,0
11:33:50,41,13,0
11:33:51,0,0,0
11:33:51,2,30,0
11:33:51,28,0,0
11:33:51,0,12,0
11:33:51,20,8,0
11:33:51,0,0,0
11:33:51,0,37,0
11:33:51,23,0,0
11:33:51,0,4,0
11:33:51,31,18,0
11:33:52,0,24,0
11:33:52,28,0,0
11:33:52,0,4,0
11:33:52,37,17,0
11:33:52,0,0,0
11:33:52,4,42,0
11:33:52,24,0,0
11:33:52,0,25,0
11:33:52,31,17,0
11:33:53,0,0,0
11:33:53,0,21,0
11:33:53,24,0,0
11:33:53,0,11,0
11:33:53,40,19,0
11:33:53,0,0,0
11:33:53,0,34,0
11:33:53,25,0,0
11:33:53,0,5,0
11:33:53,29,22,0
11:33:54,1,0,0
11:33:54,0,20,0
11:33:54,33,0,0
11:33:54,33,0,0
11:33:54,50,28,0
11:33:54,5,0,0
11:33:54,0,21,0
11:33:54,0,0,0
11:33:54,0,0,0
11:33:54,1,24,0
11:33:55,10,0,0
11:33:55,0,16,0
11:33:55,24,7,0
11:33:55,0,24,0
11:33:55,0,0,0
11:33:55,28,0,0
11:33:55,11,104,0
11:33:55,0,4,0
11:33:55,27,41,0
11:33:56,37,17,0
11:33:56,0,33,0
11:33:56,0,0,0
11:33:56,53,9,0
11:33:56,4,42,0
11:33:56,24,0,0
11:33:56,24,0,0
11:33:56,0,25,0
11:33:56,0,0,0
11:33:56,31,17,0
11:33:57,31,12,0
11:33:57,0,0,0
11:33:57,25,17,0
11:33:57,0,21,0
11:33:57,0,0,0
11:33:57,24,0,0
11:33:57,0,27,0
11:33:57,0,11,0
11:33:57,27,0,0
11:33:57,40,19,0
11:33:58,0,7,0
11:33:58,0,0,0
11:33:58,28,10,0
11:33:58,0,34,0
11:33:58,0,0,0
11:33:58,25,0,0
11:33:58,1,32,0
11:33:58,0,5,0
11:33:58,33,0,0
11:33:59,29,22,0
11:33:59,0,16,0
11:33:59,1,0,0
11:33:59,35,20,0
11:33:59,0,20,0
11:33:59,7,0,0
11:33:59,33,0,0
11:33:59,0,29,0
11:33:59,33,0,0
11:34:00,28,0,0
11:34:00,50,28,0
11:34:00,0,3,0
11:34:00,5,0,0
11:34:00,21,12,0
11:34:00,0,21,0
11:34:00,2,0,0
11:34:00,0,0,0
11:34:00,0,17,0
11:34:01,0,0,0
11:34:01,30,9,0
11:34:01,1,24,0
11:34:01,0,0,0
11:34:01,10,0,0
11:34:01,35,23,0
11:34:01,0,16,0
11:34:01,13,0,0
11:34:01,24,7,0
11:34:02,0,16,0
11:34:02,0,0,0
11:34:02,18,0,0
11:34:02,11,104,0
11:34:02,0,0,0
11:34:02,27,41,0
11:34:02,18,27,0
11:34:02,0,33,0
11:34:02,8,0,0
11:34:02,53,9,0
11:34:03,0,23,0
11:34:03,0,0,0
11:34:03,35,0,0
11:34:03,0,0,0
11:34:03,0,0,0
11:34:03,12,0,0
11:34:03,9,26,0
11:34:03,0,12,0
11:34:03,51,0,0
11:34:04,25,17,0
11:34:04,31,9,0
11:34:04,0,0,0
11:34:04,85,8,0
11:34:04,0,27,0
11:34:04,6,0,0
11:34:04,27,0,0
11:34:04,0,36,0
11:34:04,0,7,0
11:34:04,0,0,0
11:34:05,28,10,0
11:34:05,0,27,0
11:34:05,0,0,0
11:34:05,14,11,0
11:34:05,1,32,0
11:34:05,0,0,0
11:34:05,33,0,0
11:34:05,0,38,0
11:34:05,0,16,0
11:34:06,17,0,0
11:34:06,35,20,0
11:34:06,0,12,0
11:34:06,7,0,0
11:34:06,25,63,0
11:34:06,0,29,0
11:34:06,4,29,0
11:34:06,28,0,0
11:34:06,0,47,0
11:34:06,0,3,0
11:34:07,27,0,0
11:34:07,21,12,0
11:34:07,2,0,0
11:34:07,2,0,0
11:34:07,0,17,0
11:34:07,0,0,0
11:34:07,30,9,0
11:34:07,0,28,0
11:34:07,0,0,0
11:34:08,20,0,0
11:34:08,35,23,0
11:34:08,0,0,0
11:34:08,13,0,0
11:34:08,22,25,0
11:34:08,0,16,0
11:34:08,12,0,0
11:34:08,18,0,0
11:34:08,0,32,0
11:34:09,0,0,0
11:34:09,33,9,0
11:34:09,18,27,0
11:34:09,0,0,0
11:34:09,8,0,0
11:34:09,21,20,0
11:34:09,0,23,0
11:34:09,0,0,0
11:34:10,35,0,0
11:34:10,0,38,0
11:34:10,0,0,0
11:34:10,35,7,0
11:34:10,9,26,0
11:34:10,0,0,0
11:34:10,51,0,0
11:34:10,3,36,0
11:34:10,31,9,0
11:34:11,9,0,0
11:34:11,85,8,0
11:34:11,0,15,0
11:34:11,6,0,0
11:34:11,39,8,0
11:34:11,0,36,0
11:34:11,0,0,0
11:34:11,0,0,0
11:34:11,7,24,0
11:34:11,0,27,0
11:34:12,13,0,0
11:34:12,14,11,0
11:34:12,0,16,0
11:34:12,0,0,0
11:34:12,32,6,0
11:34:12,0,38,0
11:34:12,0,0,0
11:34:12,17,0,0
11:34:12,5,23,0
11:34:13,0,12,0
11:34:13,29,0,0
11:34:13,25,63,0
11:34:13,0,15,0
11:34:13,4,29,0
11:34:13,25,12,0
11:34:13,0,47,0
11:34:13,2,0,0
11:34:13,27,0,0
11:34:14,0,39,0
11:34:14,0,0,0
11:34:14,33,0,0
11:34:14,26,0,0
11:34:14,0,8,0
11:34:14,0,0,0
11:34:14,29,8,0
11:34:14,0,28,0
11:34:14,25,0,0
11:34:15,20,0,0
11:34:15,49,27,0
11:34:15,0,0,0
11:34:15,40,0,0
11:34:15,22,25,0
11:34:15,0,0,0
11:34:15,12,0,0
11:34:15,0,22,0
11:34:15,0,32,0
11:34:16,0,0,0
11:34:16,33,9,0
11:34:16,0,43,0
11:34:16,0,0,0
11:34:16,14,0,0
11:34:16,21,20,0
11:34:16,0,0,0
11:34:16,0,0,0
11:34:16,8,24,0
11:34:17,0,38,0
11:34:17,16,0,0
11:34:17,35,7,0
11:34:17,0,65,0
11:34:17,0,0,0
11:34:17,37,61,0
11:34:17,3,36,0
11:34:17,0,44,0
11:34:17,9,0,0
11:34:18,23,15,0
11:34:18,0,15,0
11:34:18,39,8,0
11:34:18,39,0,0
11:34:18,0,0,0
11:34:18,0,0,0
11:34:18,7,24,0
11:34:18,7,0,0
11:34:18,13,0,0
11:34:18,7,11,0
11:34:19,0,16,0
11:34:19,25,0,0
11:34:19,32,6,0
11:34:19,0,24,0
11:34:19,0,0,0
11:34:19,37,6,0
11:34:19,5,23,0
11:34:19,0,0,0
11:34:20,29,0,0
11:34:20,1,22,0
11:34:20,0,15,0
11:34:20,14,0,0
11:34:20,25,12,0
11:34:20,0,9,0
11:34:20,2,0,0
11:34:20,25,20,0
11:34:20,0,39,0
11:34:20,0,0,0
11:34:21,33,0,0
11:34:21,3,22,0
11:34:21,0,8,0
11:34:21,20,0,0
11:34:21,29,8,0
11:34:21,0,7,0
11:34:21,25,0,0
11:34:21,29,22,0
11:34:22,49,27,0
11:34:22,0,0,0
11:34:22,40,0,0
11:34:22,0,33,0
11:34:22,0,0,0
11:34:22,34,0,0
11:34:22,0,22,0
11:34:22,0,6,0
11:34:23,0,0,0
11:34:23,34,27,0
11:34:23,0,43,0
11:34:23,0,0,0
11:34:23,14,0,0
11:34:23,0,31,0
11:34:23,0,0,0
11:34:23,22,0,0
11:34:23,8,24,0
11:34:23,0,0,0
11:34:24,16,0,0
11:34:24,30,28,0
11:34:24,0,65,0
11:34:24,0,0,0
11:34:24,37,61,0
11:34:24,0,26,0
11:34:24,0,44,0
11:34:24,28,0,0
11:34:24,23,15,0
11:34:25,0,0,0
11:34:25,13,0,0
11:34:25,24,33,0
11:34:25,0,0,0
11:34:25,0,0,0
11:34:25,49,0,0
11:34:25,0,16,0
11:34:25,0,0,0
11:34:25,60,0,0
11:34:26,7,11,0
11:34:26,23,0,0
11:34:26,25,0,0
11:34:26,84,9,0
11:34:26,0,24,0
11:34:26,44,0,0
11:34:26,37,6,0
11:34:26,0,32,0
11:34:26,0,0,0
11:34:27,0,10,0
11:34:27,1,22,0
11:34:27,0,0,0
11:34:27,14,0,0
11:34:27,0,35,0
11:34:27,0,9,0
11:34:27,16,0,0
11:34:27,25,20,0
11:34:27,0,18,0
11:34:28,0,0,0
11:34:28,29,2,0
11:34:28,3,22,0
11:34:28,0,0,011:34:32,20,0,0
11:34:32,0,75,0
11:34:32,0,7,0
11:34:32,18,52,0
11:34:32,29,22,0
11:34:32,0,54,0
11:34:32,0,0,0
11:34:32,37,0,0
11:34:32,0,33,0
11:34:32,34,0,0
11:34:33,34,0,0
11:34:33,0,6,0
11:34:33,0,0,0
11:34:33,34,27,0
11:34:33,34,9,0
11:34:33,0,0,0
11:34:33,19,19,0
11:34:33,0,31,0
11:34:33,0,0,0
11:34:34,22,0,0
11:34:34,0,32,0
11:34:34,0,0,0
11:34:34,24,0,0
11:34:34,30,28,0
11:34:34,0,3,0
11:34:34,0,0,0
11:34:34,29,28,0
11:34:34,0,26,0
11:34:35,13,0,0
11:34:35,28,0,0
11:34:35,0,28,0
11:34:35,0,0,0
11:34:35,25,0,0
11:34:35,24,33,0
11:34:35,0,0,0
11:34:35,0,0,0
11:34:35,21,27,0
11:34:36,0,16,0
11:34:36,3,0,0
11:34:36,60,0,0
11:34:36,0,32,0
11:34:36,23,0,0
11:34:36,28,1,0
11:34:36,84,9,0
11:34:36,0,0,0
11:34:36,44,0,0
11:34:37,28,28,0
11:34:37,0,32,0
11:34:37,15,0,0
11:34:37,0,10,0
11:34:37,0,27,0
11:34:37,0,0,0
11:34:37,27,0,0
11:34:37,0,35,0
11:34:37,0,0,0
11:34:38,16,0,0
11:34:38,11,26,0
11:34:38,0,18,0
11:34:38,18,0,0
11:34:38,29,2,0
11:34:38,0,25,0
11:34:38,0,0,0
11:34:38,20,18,0
11:34:38,0,75,0
11:34:39,4,0,0
11:34:39,18,52,0
11:34:39,12,35,0
11:34:39,0,54,0
11:34:39,20,0,0
11:34:39,37,0,0
11:34:39,0,24,0
11:34:39,0,0,0
11:34:39,35,22,0
11:34:40,0,0,0
11:34:40,0,0,0
11:34:40,25,0,0
11:34:40,0,28,0
11:34:40,0,9,0
11:34:40,27,0,0
11:34:40,19,19,0
11:34:40,0,6,0
11:34:40,0,0,0
11:34:41,79,29,0
11:34:41,0,32,0
11:34:41,10,0,0
11:34:41,24,0,0
11:34:41,0,39,0
11:34:41,0,3,0
11:34:41,0,0,0
11:34:41,29,28,0
11:34:41,0,3,0
11:34:41,13,0,0
11:34:42,11,24,0
11:34:42,0,28,0
11:34:42,0,0,0
11:34:42,25,0,0
11:34:42,0,23,0
11:34:42,0,0,0
11:34:42,13,0,0
11:34:42,21,27,0
11:34:42,0,0,0
11:34:43,3,0,0
11:34:43,27,58,0
11:34:43,0,32,0
11:34:43,11,32,0
11:34:43,28,1,0
11:34:43,0,58,0
11:34:43,0,0,0
11:34:43,7,19,0
11:34:43,28,28,0
11:34:44,15,0,0
11:34:44,15,0,0
11:34:44,0,27,0
11:34:44,0,0,0
11:34:44,27,0,0
11:34:44,27,20,0
11:34:44,0,0,0
11:34:44,36,0,0
11:34:44,11,26,0
11:34:45,0,0,0
11:34:45,18,0,0
11:34:45,22,25,0
11:34:45,0,25,0
11:34:45,8,0,0
11:34:45,20,18,0
11:34:45,0,25,0
11:34:45,4,0,0
11:34:45,28,2,0
11:34:46,12,35,0
11:34:46,0,0,0
11:34:46,20,0,0
11:34:46,8,34,0
11:34:46,0,24,0
11:34:46,13,0,0
11:34:46,35,22,0
11:34:46,0,19,0
11:34:47,0,0,0
11:34:47,35,4,0
11:34:47,0,28,0
11:34:47,0,0,0
11:34:47,27,0,0
11:34:47,7,22,0
11:34:47,0,6,0
11:34:47,8,0,0
11:34:47,79,29,0
11:34:48,0,26,0
11:34:48,10,0,0
11:34:48,32,0,0
11:34:48,0,39,0
11:34:48,0,0,0
11:34:48,0,0,0
11:34:48,0,21,0
11:34:48,0,3,0
11:34:48,13,0,0
11:34:49,11,24,0
11:34:49,0,27,0
11:34:49,0,0,0
11:34:49,28,20,0
11:34:49,0,23,0
11:34:49,3,0,0
11:34:49,13,0,0
11:34:49,0,37,0
11:34:49,0,0,0
11:34:50,33,0,0
11:34:50,27,58,0
11:34:50,0,16,0
11:34:50,11,32,0
11:34:50,35,16,0
11:34:50,0,58,0
11:34:50,2,0,0
11:34:50,7,19,0
11:34:50,0,28,0
11:34:51,0,0,0
11:34:51,32,3,0
11:34:51,13,0,0
11:34:51,0,0,0
11:34:51,15,0,0
11:34:51,30,20,0
11:34:51,0,20,0
11:34:51,0,0,0
11:34:51,36,0,0
11:34:52,28,30,0
11:34:52,0,0,0
11:34:52,113,0,0
11:34:52,22,25,0
11:34:52,0,0,0
11:34:52,8,0,0
11:34:52,8,23,0
11:34:52,0,25,0
11:34:52,0,0,0
11:34:53,28,2,0
11:34:53,0,19,0
11:34:53,0,0,0
11:34:53,7,0,0
11:34:53,8,34,0
11:34:53,0,0,0
11:34:53,13,0,0
11:34:53,16,18,0
11:34:53,0,19,0
11:34:54,16,0,0
11:34:54,35,4,0
11:34:54,0,20,0
11:34:54,0,0,0
11:34:54,38,54,0
11:34:54,7,22,0
11:34:54,0,32,0
11:34:54,8,0,0
11:34:54,0,71,0
11:34:55,0,26,0
11:34:55,11,0,0
11:34:55,32,0,0
11:34:55,0,0,0
11:34:55,0,0,0
11:34:55,0,21,0
11:34:55,0,0,0
11:34:55,13,0,0
11:34:55,13,20,0
11:34:56,0,27,0
11:34:56,30,0,0
11:34:56,28,20,0
11:34:56,0,20,0
11:34:56,3,0,0
11:34:56,22,17,0
11:34:56,0,37,0
11:34:56,0,0,0
11:34:56,33,0,0
11:34:56,1,36,0
11:34:57,0,16,0
11:34:57,17,0,0
11:34:57,35,16,0
11:34:57,0,9,0
11:34:57,2,0,0
11:34:57,35,24,0
11:34:57,0,28,0
11:34:57,7,0,0
11:34:58,32,3,0
11:34:58,0,32,0
11:34:58,0,0,0
11:34:58,15,0,0
11:34:58,30,20,0
11:34:58,0,4,0
11:34:58,0,0,0
11:34:58,21,18,0
11:34:58,28,30,0
11:34:59,6,0,0
11:34:59,113,0,0
11:34:59,0,37,0
11:34:59,0,0,0
11:34:59,36,0,0
11:34:59,8,23,0
11:34:59,0,0,0
11:34:59,0,0,0
11:34:59,26,13,0
11:35:00,0,19,0
11:35:00,23,0,0
11:35:00,7,0,0
11:35:00,0,25,0
11:35:00,0,0,0
11:35:00,30,0,0
11:35:00,16,18,0
11:35:00,0,0,0
11:35:01,16,0,0
11:35:01,15,40,0
11:35:01,0,20,0
11:35:01,15,0,0
11:35:01,38,54,0
11:35:01,0,13,0
11:35:01,0,32,0
11:35:01,39,9,0
11:35:01,0,71,0
11:35:02,0,0,0
11:35:02,11,0,0
11:35:02,0,35,0
11:35:02,0,0,0
11:35:02,23,0,0
11:35:02,34,0,0
11:35:02,0,26,0
11:35:02,0,0,0
11:35:03,32,12,0
11:35:03,0,20,0
11:35:03,0,0,0
11:35:03,30,0,0
11:35:03,64,27,0
11:35:03,0,20,0
11:35:03,96,0,0
11:35:03,22,17,0
11:35:03,0,12,0
11:35:04,0,0,0
11:35:04,38,7,0
11:35:04,1,36,0
11:35:04,0,0,0
11:35:04,17,0,0
11:35:04,0,22,0
11:35:04,0,9,0
11:35:04,0,0,0
11:35:04,35,24,0
11:35:05,0,7,0
11:35:05,7,0,0
11:35:05,16,30,0
11:35:05,0,32,0
11:35:05,0,0,0
11:35:05,15,0,0
11:35:05,0,37,0
11:35:05,0,4,0
11:35:05,24,26,0
11:35:06,21,18,0
11:35:06,0,66,0
11:35:06,6,0,0
11:35:06,25,44,0
11:35:06,0,37,0
11:35:06,17,0,0
11:35:06,36,0,0
11:35:06,0,0,0
11:35:07,0,0,0
11:35:07,26,13,0
11:35:07,26,0,0
11:35:07,23,0,0
11:35:07,23,15,0
11:35:07,0,25,0
11:35:07,5,0,0
11:35:07,30,0,0
11:35:07,0,35,0
11:35:08,0,0,0
11:35:08,32,0,0
11:35:08,15,40,0
11:35:08,0,0,0
11:35:08,15,0,0
11:35:08,11,31,0
11:35:08,0,13,0
11:35:08,15,0,0
11:35:08,39,9,0
11:35:09,0,36,0
11:35:09,0,0,0
11:35:09,40,8,0
11:35:09,0,35,0
11:35:09,0,0,0
11:35:09,23,0,0
11:35:09,12,17,0
11:35:10,0,26,0
11:35:10,14,0,0
11:35:10,32,12,0
11:35:10,0,31,0
11:35:10,0,0,0
11:35:10,32,0,0
11:35:10,64,27,0
11:35:10,0,0,0
11:35:11,96,0,0
11:35:11,19,27,0
11:35:11,0,12,0
11:35:11,16,0,0
11:35:11,38,7,0
11:35:11,0,10,0
11:35:11,0,0,0
11:35:11,26,5,0
11:35:11,0,22,0
11:35:12,0,0,0
11:35:12,0,0,0
11:35:12,0,30,0
11:35:12,0,7,0
11:35:12,17,0,0
11:35:12,16,30,0
11:35:12,0,4,0
11:35:12,0,0,0
11:35:12,28,14,0
11:35:13,0,37,0
11:35:13,2,0,0
11:35:13,24,26,0
11:35:13,0,26,0
11:35:13,0,66,0
11:35:13,13,0,0
11:35:13,25,44,0
11:35:13,0,20,0
11:35:13,17,0,0
11:35:14,21,16,0
11:35:14,0,2,0
11:35:14,4,0,0
11:35:14,22,0,0
11:35:14,0,35,0
11:35:14,0,0,0
11:35:14,25,0,0
11:35:14,18,15,0
11:35:14,0,3,0
11:35:15,5,0,0
11:35:15,74,30,0
11:35:15,0,35,0
11:35:15,80,0,0
11:35:15,32,0,0
11:35:15,2,42,0
11:35:15,0,0,0
11:35:15,20,0,0
11:35:16,11,31,0
11:35:16,0,0,0
11:35:16,15,0,0
11:35:16,0,21,0
11:35:16,0,36,0
11:35:16,0,0,0
11:35:16,40,8,0
11:35:16,0,34,0
11:35:16,0,0,0
11:35:17,27,8,0
11:35:17,12,17,0
11:35:17,0,0,0
11:35:17,14,0,0
11:35:17,25,26,0
11:35:17,0,31,0
11:35:17,10,2,0
11:35:17,32,0,0
11:35:18,0,74,0
11:35:18,0,0,0
11:35:18,38,51,0
11:35:18,19,27,0
11:35:18,0,0,0
11:35:18,16,0,0
11:35:18,0,10,0
11:35:18,0,10,0
11:35:18,26,5,0
11:35:19,26,0,0
11:35:19,0,0,0
11:35:19,0,0,0
11:35:19,0,30,0
11:35:19,0,0,0
11:35:19,17,0,0
11:35:19,4,20,0
11:35:19,0,4,0
11:35:20,14,0,0
11:35:20,28,14,0
11:35:20,0,14,0
11:35:20,2,0,0
11:35:20,22,9,0
11:35:20,0,26,0
11:35:20,0,0,0
11:35:20,13,0,0
11:35:21,0,29,0
11:35:21,0,20,0
11:35:21,18,0,0
11:35:21,21,16,0
11:35:21,0,16,0
11:35:21,4,0,0
11:35:21,32,17,0
11:35:22,0,35,0
11:35:22,0,0,0
11:35:22,25,0,0
11:35:22,0,32,0
11:35:22,0,3,0
11:35:22,25,1,0
11:35:22,74,30,0
11:35:22,0,1,0
11:35:23,80,0,0
11:35:23,34,5,0
11:35:23,2,42,0
11:35:23,0,0,0
11:35:23,20,0,0
11:35:23,0,34,0
11:35:23,0,0,0
11:35:23,22,0,0
11:35:24,0,21,0
11:35:24,0,0,0
11:35:24,0,0,0
11:35:24,18,22,0
11:35:24,0,34,0
11:35:24,7,0,0
11:35:24,27,8,0
11:35:24,0,31,0
11:35:25,0,0,0
11:35:25,35,3,0
11:35:25,25,26,0
11:35:25,0,0,0
11:35:25,10,2,0
11:35:25,21,14,0
11:35:25,0,74,0
11:35:26,18,0,0
11:35:26,38,51,0
11:35:26,0,21,0
11:35:26,0,0,0
11:35:26,39,0,0
11:35:26,9,12,0
11:35:26,0,0,0
11:35:26,19,0,0
11:35:26,15,24,0
11:35:27,0,0,0
11:35:27,8,0,0
11:35:27,35,0,0
11:35:27,0,21,0
11:35:27,0,0,0
11:35:27,79,23,0
11:35:27,4,20,0
11:35:27,49,0,0
11:35:28,14,0,0
11:35:28,7,24,0
11:35:28,0,14,0
11:35:28,33,0,0
11:35:28,22,9,0
11:35:28,0,16,0
11:35:28,0,0,0
11:35:28,0,15,0
11:35:29,0,29,0
11:35:29,0,0,0
11:35:29,18,0,0
11:35:29,0,37,0
11:35:29,0,16,0
11:35:29,30,0,0
11:35:29,32,17,0
11:35:29,0,5,0
11:35:30,0,0,0
11:35:30,35,11,0
11:35:30,0,32,0
11:35:30,0,2,0
11:35:30,25,1,0
11:35:30,0,94,0
11:35:30,0,1,0
11:35:30,25,36,0
11:35:31,34,5,0
11:35:31,0,14,0
11:35:31,0,0,0
11:35:31,0,34,0
11:35:31,0,34,0
11:35:31,22,0,0
11:35:31,22,0,0
11:35:31,0,0,0
11:35:32,0,0,0
11:35:32,18,22,0
11:35:32,0,0,0
11:35:32,7,0,0
11:35:32,17,16,0
11:35:32,0,31,0
11:35:32,11,0,0
11:35:33,35,3,0
11:35:33,0,34,0
11:35:33,0,0,0
11:35:33,37,7,0
11:35:33,21,14,0
11:35:33,0,0,0
11:35:33,18,0,0
11:35:33,16,18,0
11:35:34,0,21,0
11:35:34,22,0,0
11:35:34,39,0,0
11:35:34,0,20,0
11:35:34,0,0,0
11:35:34,23,20,0
11:35:34,15,24,0
11:35:35,0,0,0
11:35:35,8,0,0
11:35:35,2,34,0
11:35:35,0,21,0
11:35:35,16,0,0
11:35:35,79,23,0
11:35:35,0,23,0
11:35:35,49,0,0
11:35:36,28,11,0
11:35:36,7,24,0
11:35:36,0,0,0
11:35:36,33,0,0
11:35:36,1,28,0
11:35:36,0,16,0
11:35:36,8,0,0
11:35:36,0,15,0
11:35:37,0,0,0
11:35:37,0,0,0
11:35:37,22,20,0
11:35:37,0,37,0
11:35:37,0,0,0
11:35:37,30,0,0
11:35:37,2,22,0
11:35:37,0,5,0
11:35:38,27,0,0
11:35:38,35,11,0
11:35:38,0,2,0
11:35:38,0,2,0
11:35:38,41,4,0
11:35:38,0,94,0
11:35:38,0,0,0
11:35:38,25,36,0
11:35:38,0,26,0
11:35:39,0,14,0
11:35:39,18,0,0
11:35:39,27,0,0
11:35:39,0,2,0
11:35:39,14,0,0
11:35:39,30,25,0
11:35:39,0,0,0
11:35:39,0,0,0
11:35:40,27,0,0
11:35:40,0,24,0
11:35:40,0,0,0
11:35:40,84,0,0
11:35:40,17,16,0
11:35:40,20,0,0
11:35:40,11,0,0
11:35:40,38,23,0
11:35:41,0,34,0
11:35:41,12,0,0
11:35:41,37,7,0
11:35:41,0,39,0
11:35:41,0,0,0
11:35:41,0,0,0
11:35:41,16,18,0
11:35:41,0,0,0
11:35:41,22,0,0
11:35:42,14,25,0
11:35:42,0,20,0
11:35:42,5,0,0
11:35:42,23,20,0
11:35:42,0,32,0
11:35:42,0,0,0
11:35:42,26,13,0
11:35:42,2,34,0
11:35:43,0,46,0
11:35:43,16,0,0
11:35:43,14,96,0
11:35:43,0,23,0
11:35:43,11,15,0
11:35:43,28,11,0
11:35:43,0,31,0
11:35:43,0,0,0
11:35:44,1,28,0
11:35:44,1,0,0
11:35:44,8,0,0
11:35:44,8,0,0
11:35:44,0,0,0
11:35:44,0,0,0
11:35:44,22,20,0
11:35:44,0,19,0
11:35:45,0,0,0
11:35:45,35,3,0
11:35:45,2,22,0
11:35:45,0,0,0
11:35:45,27,0,0
11:35:45,2,17,0
11:35:45,0,2,0
11:35:45,10,0,0
11:35:46,41,4,0
11:35:46,0,14,0
11:35:46,0,0,0
11:35:46,34,15,0
11:35:46,0,26,0
11:35:46,0,0,0
11:35:46,18,0,0
11:35:47,0,25,0
11:35:47,0,2,0
11:35:47,27,0,0
11:35:47,30,25,0
11:35:47,0,8,0
11:35:47,0,0,0
11:35:47,14,23,0
11:35:48,0,24,0
11:35:48,3,0,0
11:35:48,84,0,0
11:35:48,0,35,0
11:35:48,20,0,0
11:35:48,22,0,0
11:35:48,38,23,0
11:35:48,0,0,0
11:35:49,12,0,0
11:35:49,29,8,0
11:35:49,0,39,0
11:35:49,3,0,0
11:35:49,0,0,0
11:35:49,0,24,0
11:35:49,0,0,0
11:35:49,20,0,0
11:35:50,14,25,0
11:35:50,0,0,0
11:35:50,5,0,0
11:35:50,31,19,0
11:35:50,0,32,0
11:35:50,11,0,0
11:35:50,26,13,0
11:35:50,0,18,0
11:35:50,0,46,0
11:35:51,46,1,0
11:35:51,14,96,0
11:35:51,0,0,0
11:35:51,11,15,0
11:35:51,12,30,0
11:35:51,0,31,0
11:35:51,19,0,0
11:35:51,34,0,0
11:35:52,0,13,0
11:35:52,0,0,0
11:35:52,32,0,0
11:35:52,1,0,0
11:35:52,0,0,0
11:35:52,10,0,0
11:35:52,52,34,0
11:35:52,0,19,0
11:35:53,60,0,0
11:35:53,35,3,0
11:35:53,33,17,0
11:35:53,0,0,0
11:35:53,41,17,0
11:35:53,2,17,0
11:35:53,0,0,0
11:35:53,10,0,0
11:35:54,0,22,0
11:35:54,0,14,0
11:35:54,0,0,0
11:35:54,34,15,0
11:35:54,0,11,0
11:35:54,0,0,0
11:35:54,25,13,0
11:35:54,0,25,0
11:35:55,0,0,0
11:35:55,27,0,0
11:35:55,0,29,0
11:35:55,0,8,0
11:35:55,21,0,0
11:35:55,14,23,0
11:35:55,0,48,0
11:35:55,3,0,0
11:35:56,23,90,0
11:35:56,0,35,0
11:35:56,0,0,0
11:35:56,22,0,0
11:35:56,0,32,0
11:35:56,0,0,0
11:35:56,29,8,0
11:35:56,29,0,0
11:35:57,3,0,0
11:35:57,3,0,0
11:35:57,0,24,0
11:35:57,8,0,0
11:35:57,20,0,0
11:35:57,0,26,0
11:35:57,0,0,0
11:35:57,30,1,0
11:35:58,31,19,0
11:35:58,0,0,0
11:35:58,11,0,0
11:35:58,20,23,0
11:35:58,0,18,0
11:35:58,20,0,0
11:35:58,46,1,0
11:35:59,0,29,0
11:35:59,0,0,0
11:35:59,35,0,0
11:35:59,12,30,0
11:35:59,0,0,0
11:35:59,19,0,0
11:35:59,8,32,0
11:35:59,0,13,0
11:36:00,9,0,0
11:36:00,32,0,0
11:36:00,0,17,0
11:36:00,0,0,0
11:36:00,28,16,0
11:36:00,52,34,0
11:36:00,0,0,0
11:36:00,60,0,0
11:36:01,13,28,0
11:36:01,33,17,0
11:36:01,15,0,0
11:36:01,41,17,0
11:36:01,0,26,0
11:36:01,0,0,0
11:36:01,19,1,0
11:36:01,0,22,0
11:36:02,0,0,0
11:36:02,0,0,0
11:36:02,18,23,0
11:36:02,0,11,0
11:36:02,9,0,0
11:36:02,25,13,0
11:36:02,0,10,0
11:36:02,0,0,0
11:36:03,32,16,0
11:36:03,0,29,0
11:36:03,0,0,0
11:36:03,21,0,0
11:36:03,1,30,0
11:36:03,0,48,0
11:36:03,34,0,0
11:36:04,23,90,0
11:36:04,0,9,0
11:36:04,0,0,0
11:36:04,32,21,0
11:36:04,0,32,0
11:36:04,5,0,0
11:36:04,29,0,0
11:36:04,0,36,0
11:36:05,0,0,0
11:36:05,39,0,0
11:36:05,17,0,0
11:36:05,0,0,0
11:36:05,8,0,0
11:36:05,60,18,0
11:36:05,0,26,0
11:36:05,57,0,0
11:36:06,30,1,0
11:36:06,0,16,0
11:36:06,0,0,0
11:36:06,35,0,0
11:36:06,20,23,0
11:36:06,0,0,0
11:36:06,20,0,0
11:36:06,0,20,0
11:36:07,0,29,0
11:36:07,0,0,0
11:36:07,35,0,0
11:36:07,0,35,0
11:36:07,0,0,0
11:36:07,30,3,0
11:36:07,8,32,0
11:36:07,0,0,0
11:36:08,9,0,0
11:36:08,13,31,0
11:36:08,0,17,0
11:36:08,10,0,0
11:36:08,28,16,0
11:36:08,0,86,0
11:36:08,0,0,0
11:36:08,39,78,0
11:36:09,13,28,0
11:36:09,0,0,0
11:36:09,15,0,0
11:36:09,4,21,0
11:36:09,0,26,0
11:36:09,19,1,0
11:36:09,19,0,0
11:36:09,0,0,0
11:36:10,0,0,0
11:36:10,18,23,0
11:36:10,18,0,0
11:36:10,9,0,0
11:36:10,6,30,0
11:36:10,0,10,0
11:36:10,12,0,0
11:36:10,32,16,0
11:36:11,0,4,0
11:36:11,0,0,0
11:36:11,45,11,0
11:36:11,1,30,0
11:36:11,0,0,0
11:36:11,34,0,0
11:36:11,0,29,0
11:36:12,0,9,0
11:36:12,28,0,0
11:36:12,32,21,0
11:36:12,0,10,0
11:36:12,5,0,0
11:36:12,25,14,0
11:36:12,0,36,0
11:36:12,0,0,0
11:36:13,39,0,0
11:36:13,0,42,0
11:36:13,0,0,0
11:36:13,17,0,0
11:36:13,60,18,0
11:36:13,0,12,0
11:36:13,57,0,0
11:36:14,32,19,0
11:36:14,0,16,0
11:36:14,0,0,0
11:36:14,35,0,0
11:36:14,0,39,0
11:36:14,0,0,0
11:36:14,16,0,0
11:36:14,0,20,0
11:36:15,0,5,0
11:36:15,0,0,0
11:36:15,30,15,0
11:36:15,0,35,0
11:36:15,3,0,0
11:36:15,30,3,0
11:36:15,0,45,0
11:36:15,0,0,0
11:36:16,21,4,0
11:36:16,13,31,0
11:36:16,0,0,0
11:36:16,10,0,0
11:36:16,13,27,0
11:36:16,0,86,0
11:36:16,5,0,0
11:36:16,39,78,0
11:36:17,0,23,0
11:36:17,0,0,0
11:36:17,29,0,0
11:36:17,4,21,0
11:36:17,0,0,0
11:36:17,11,0,0
11:36:17,22,18,0
11:36:17,0,0,0
11:36:18,8,0,0
11:36:18,19,0,0
11:36:18,0,21,0
11:36:18,0,0,0
11:36:18,34,5,0
11:36:19,6,30,0
11:36:19,27,0,0
11:36:19,12,0,0
11:36:19,72,26,0
11:36:19,0,4,0
11:36:19,33,0,0
11:36:20,45,11,0
11:36:20,0,34,0
11:36:20,0,0,0
11:36:20,0,9,0
11:36:20,0,29,0
11:36:21,0,0,0
11:36:21,28,0,0
11:36:21,0,26,0
11:36:21,0,10,0
11:36:21,15,0,0
11:36:21,25,14,0
11:36:21,0,0,0
11:36:21,0,0,0
11:36:22,40,18,0
11:36:22,0,42,0
11:36:22,0,0,0
11:36:22,17,0,0
11:36:22,0,74,0
11:36:22,0,12,0
11:36:23,25,47,0
11:36:23,32,19,0
11:36:23,0,29,0
11:36:23,0,0,0
11:36:23,26,17,0
11:36:23,0,39,0
11:36:23,16,0,0
11:36:24,16,0,0
11:36:24,0,5,0
11:36:24,0,0,0
11:36:24,30,15,0
11:36:24,30,0,0
11:36:24,3,0,0
11:36:24,26,18,0
11:36:24,0,45,0
11:36:25,9,0,0
11:36:25,21,4,0
11:36:25,0,35,0
11:36:25,0,0,0
11:36:25,22,0,0
11:36:25,13,27,0
11:36:25,0,2,0
11:36:26,5,0,0
11:36:26,29,19,0
11:36:26,0,23,0
11:36:26,11,0,0
11:36:26,29,0,0
11:36:26,0,34,0
11:36:26,0,0,0
11:36:26,30,1,0
11:36:27,22,18,0
11:36:27,0,0,0
11:36:27,8,0,0
11:36:27,24,34,0
11:36:27,0,21,0
11:36:27,12,0,0
11:36:27,34,5,0
11:36:28,0,24,0
11:36:28,27,0,0
11:36:28,35,3,0
11:36:28,72,26,0
11:36:28,0,0,0
11:36:28,33,0,0
11:36:28,7,24,0
11:36:28,0,34,0
11:36:29,17,0,0
11:36:29,0,9,0
11:36:29,0,24,0
11:36:29,0,0,0
11:36:29,38,6,0
11:36:29,0,26,0
11:36:29,0,0,0
11:36:29,15,0,0
11:36:30,9,40,0
11:36:30,0,0,0
11:36:30,25,0,0
11:36:30,40,18,0
11:36:30,0,6,0
11:36:30,0,0,0
11:36:30,19,14,0
11:36:31,0,74,0
11:36:31,0,0,0
11:36:31,25,47,0
11:36:31,0,38,0
11:36:31,0,29,0
11:36:31,7,0,0
11:36:31,26,17,0
11:36:32,0,5,0
11:36:32,0,0,0
11:36:32,21,14,0
11:36:32,0,0,0
11:36:32,0,0,0
11:36:32,14,0,0
11:36:32,0,28,0
11:36:33,0,0,0
11:36:33,19,0,0
11:36:33,26,18,0
11:36:33,27,6,0
11:36:33,9,0,0
11:36:34,84,19,0
11:36:34,0,35,0
11:36:34,24,0,0
11:36:34,22,0,0
11:36:34,0,22,0
11:36:35,0,2,0
11:36:35,0,0,0
11:36:35,29,19,0
11:36:35,0,0,011:36:40,11,0,0
11:36:40,0,19,0
11:36:40,0,34,0
11:36:40,0,0,0
11:36:40,30,1,0
11:36:41,0,31,0
11:36:41,0,0,0
11:36:41,26,0,0
11:36:41,24,34,0
11:36:41,0,0,0
11:36:41,12,0,0
11:36:41,22,69,0
11:36:42,0,24,0
11:36:42,0,38,0
11:36:42,35,3,0
11:36:42,0,22,0
11:36:42,0,0,0
11:36:42,40,2,0
11:36:42,7,24,0
11:36:43,17,0,0
11:36:43,17,0,0
11:36:43,0,24,0
11:36:43,0,0,0
11:36:43,38,6,0
11:36:43,38,11,0
11:36:44,0,0,0
11:36:44,23,2,0
11:36:44,9,40,0
11:36:44,0,0,0
11:36:44,25,0,0
11:36:44,16,28,0
11:36:45,0,6,0
11:36:45,13,0,0
11:36:45,19,14,0
11:36:45,0,25,0
11:36:45,0,0,0
11:36:46,25,0,0
11:36:46,0,38,0
11:36:46,0,0,0
11:36:46,7,0,0
11:36:46,3,32,0
11:36:46,0,5,0
11:36:47,12,1,0
11:36:47,21,14,0
11:36:47,0,12,0
11:36:47,0,0,0
11:36:47,29,18,0
11:36:48,0,28,0
11:36:48,0,0,0
11:36:48,19,0,0
11:36:48,0,25,0
11:36:48,27,6,0
11:36:49,25,0,0
11:36:49,84,19,0
11:36:49,0,19,0
11:36:49,24,0,0
11:36:49,35,15,0
11:36:49,0,22,0
11:36:50,2,0,0
11:36:50,0,0,0
11:36:50,0,27,0
11:36:50,0,0,0
11:36:50,14,0,0
11:36:50,0,19,0
11:36:50,0,2,0
11:36:51,0,0,0
11:36:51,30,19,0
11:36:51,0,31,0
11:36:51,0,0,0
11:36:51,26,0,0
11:36:51,0,30,0
11:36:52,0,0,0
11:36:52,20,0,0
11:36:52,22,69,0
11:36:52,0,1,0
11:36:52,0,38,0
11:36:52,17,23,0
11:36:52,0,22,0
11:36:53,9,0,0
11:36:53,40,2,0
11:36:53,0,29,0
11:36:53,0,0,0
11:36:53,27,0,0
11:36:53,17,0,0
11:36:54,0,0,0
11:36:54,9,0,0
11:36:54,10,18,0
11:36:54,0,11,0
11:36:55,2,0,0
11:36:55,23,2,0
11:36:55,0,35,0
11:36:55,0,0,0
11:36:55,107,16,0
11:36:55,16,28,0
11:36:55,4,0,0
11:36:56,13,0,0
11:36:56,4,25,0
11:36:56,0,25,0
11:36:56,0,0,0
11:36:56,25,0,0
11:36:56,0,21,0
11:36:57,0,0,0
11:36:57,0,8,0
11:36:57,3,32,0
11:36:57,0,0,0
11:36:57,12,1,0
11:36:57,0,27,0
11:36:58,0,12,0
11:36:58,20,0,0
11:36:58,29,18,0
11:36:58,0,32,0
11:36:58,0,0,0
11:36:58,36,17,0
11:36:59,0,25,0
11:36:59,0,25,0
11:36:59,25,0,0
11:36:59,3,84,0
11:36:59,0,19,0
11:36:59,20,0,0
11:37:00,35,15,0
11:37:00,2,0,0
11:37:00,2,0,0
11:37:00,0,27,0
11:37:00,0,0,0
11:37:00,14,0,0
11:37:01,14,2,0
11:37:01,0,2,0
11:37:01,25,0,0
11:37:01,30,19,0
11:37:01,0,8,0
11:37:01,0,0,0
11:37:02,24,21,0
11:37:02,0,30,0
11:37:02,0,0,0
11:37:02,20,0,0
11:37:02,0,28,0
11:37:03,0,1,0
11:37:03,20,0,0
11:37:03,17,23,0
11:37:03,0,0,0
11:37:03,9,0,0
11:37:04,27,18,0
11:37:04,0,29,0
11:37:04,9,0,0
11:37:04,27,0,0
11:37:04,0,27,0
11:37:04,0,0,0
11:37:05,22,0,0
11:37:05,10,18,0
11:37:05,0,0,0
11:37:05,2,0,0
11:37:05,24,26,0
11:37:06,0,35,0
11:37:06,19,0,0
11:37:06,107,16,0
11:37:06,0,26,0
11:37:06,4,0,0
11:37:06,32,0,0
11:37:07,4,25,0
11:37:07,0,0,0
11:37:07,0,0,0
11:37:07,11,23,0
11:37:07,0,21,0
11:37:07,21,0,0
11:37:08,0,8,0
11:37:08,0,20,0
11:37:08,0,0,0
11:37:08,28,8,0
11:37:08,0,27,0
11:37:08,0,0,0
11:37:09,20,0,0
11:37:09,8,31,0
11:37:09,0,32,0
11:37:09,10,0,0
11:37:09,36,17,0
11:37:09,0,28,0
11:37:10,0,25,0
11:37:10,27,0,0
11:37:10,3,84,0
11:37:10,0,0,0
11:37:10,20,0,0
11:37:10,0,31,0
11:37:11,0,0,0
11:37:11,27,0,0
11:37:11,41,0,0
11:37:11,0,13,0
11:37:11,0,0,0
11:37:11,12,11,0
11:37:12,0,2,0
11:37:12,1,0,0
11:37:12,25,0,0
11:37:12,20,24,0
11:37:12,0,8,0
11:37:13,86,0,0
11:37:13,24,21,0
11:37:13,5,3,0
11:37:13,0,0,0
11:37:13,38,23,0
11:37:14,0,28,0
11:37:14,0,0,0
11:37:14,20,0,0
11:37:14,0,39,0
11:37:14,0,0,0
11:37:14,0,0,0
11:37:15,27,18,0
11:37:15,0,0,0
11:37:15,9,0,0
11:37:15,40,20,0
11:37:15,0,27,0
11:37:15,2,0,0
11:37:15,22,0,0
11:37:16,0,30,0
11:37:16,0,0,0
11:37:16,27,18,0
11:37:16,24,26,0
11:37:16,0,52,0
11:37:16,19,0,0
11:37:17,23,88,0
11:37:17,0,26,0
11:37:17,8,0,0
11:37:17,32,0,0
11:37:17,0,13,0
11:37:17,0,0,0
11:37:18,11,23,0
11:37:18,11,0,0
11:37:18,21,0,0
11:37:18,21,7,0
11:37:18,0,20,0
11:37:18,0,0,0
11:37:19,28,8,0
11:37:19,0,21,0
11:37:19,0,0,0
11:37:19,39,0,0
11:37:19,8,31,0
11:37:20,0,0,0
11:37:20,10,0,0
11:37:20,21,29,0
11:37:20,0,28,0
11:37:20,12,0,0
11:37:20,27,0,0
11:37:21,0,23,0
11:37:21,0,0,0
11:37:21,40,6,0
11:37:21,0,31,0
11:37:21,0,0,0
11:37:21,27,0,0
11:37:22,10,25,0
11:37:22,0,13,0
11:37:22,19,0,0
11:37:22,12,11,0
11:37:22,0,5,0
11:37:23,1,0,0
11:37:23,40,12,0
11:37:23,20,24,0
11:37:23,0,0,0
11:37:23,86,0,0
11:37:24,2,33,0
11:37:24,5,3,0
11:37:24,29,0,0
11:37:24,38,23,0
11:37:24,0,14,0
11:37:24,0,0,0
11:37:25,33,8,0
11:37:25,0,39,0
11:37:25,0,0,0
11:37:25,0,0,0
11:37:25,0,26,0
11:37:25,0,0,0
11:37:25,38,0,0
11:37:26,40,20,0
11:37:26,0,13,0
11:37:26,2,0,0
11:37:26,20,31,0
11:37:26,0,30,0
11:37:26,0,0,0
11:37:27,27,18,0
11:37:27,0,26,0
11:37:27,0,52,0
11:37:27,37,0,0
11:37:27,23,88,0
11:37:27,0,0,0
11:37:28,8,0,0
11:37:28,27,12,0
11:37:28,0,13,0
11:37:28,0,0,0
11:37:28,26,0,0
11:37:29,0,21,0
11:37:29,0,0,0
11:37:29,22,0,0
11:37:29,26,7,0
11:37:29,0,0,0
11:37:29,0,0,0
11:37:30,58,28,0
11:37:30,0,21,0
11:37:30,67,0,0
11:37:30,39,0,0
11:37:30,9,16,0
11:37:31,0,0,0
11:37:31,41,0,0
11:37:31,21,29,0
11:37:31,0,0,0
11:37:31,12,0,0
11:37:32,0,13,0
11:37:32,0,23,0
11:37:32,0,0,0
11:37:32,40,6,0
11:37:32,0,21,0
11:37:32,0,0,0
11:37:33,38,0,0
11:37:33,10,25,0
11:37:33,0,0,0
11:37:33,19,0,0
11:37:33,13,22,0
11:37:34,0,5,0
11:37:34,13,5,0
11:37:34,40,12,0
11:37:34,0,73,0
11:37:34,0,0,0
11:37:34,42,79,0
11:37:35,2,33,0
11:37:35,0,0,0
11:37:35,29,0,0
11:37:35,2,10,0
11:37:35,0,14,0
11:37:36,33,8,0
11:37:36,33,0,0
11:37:36,0,0,0
11:37:36,0,0,0
11:37:36,0,26,0
11:37:37,0,0,0
11:37:37,38,0,0
11:37:37,0,34,0
11:37:37,0,13,0
11:37:37,10,0,0
11:37:37,20,31,0
11:37:38,0,17,0
11:37:38,0,0,0
11:37:38,12,11,0
11:37:38,0,26,0
11:37:38,4,0,0
11:37:38,37,0,0
11:37:39,0,24,0
11:37:39,0,0,0
11:37:39,25,0,0
11:37:39,27,12,0
11:37:39,0,3,0
11:37:39,0,0,0
11:37:40,15,16,0
11:37:40,0,21,0
11:37:40,0,0,0
11:37:40,22,0,0
11:37:40,0,28,0
11:37:41,0,0,0
11:37:41,27,0,0
11:37:41,58,28,0
11:37:41,0,0,0
11:37:41,67,0,0
11:37:41,24,16,0
11:37:42,9,16,0
11:37:42,0,0,0
11:37:42,41,0,0
11:37:42,0,22,0
11:37:42,0,0,0
11:37:43,24,0,0
11:37:43,0,13,0
11:37:43,0,0,0
11:37:43,0,0,0
11:37:43,13,24,0
11:37:43,0,21,0
11:37:44,27,0,0
11:37:44,38,0,0
11:37:44,0,33,0
11:37:44,0,0,0
11:37:44,25,0,0
11:37:44,13,22,0
11:37:45,0,0,0
11:37:45,13,5,0
11:37:45,20,30,0
11:37:45,0,73,0
11:37:45,16,0,0
11:37:46,42,79,0
11:37:46,0,32,0
11:37:46,0,0,0
11:37:46,36,26,0
11:37:46,2,10,0
11:37:47,0,0,0
11:37:47,25,0,0
11:37:47,1,39,0
11:37:47,0,0,0
11:37:47,17,0,0
11:37:47,10,0,0
11:37:48,0,20,0
11:37:48,0,0,0
11:37:48,54,4,0
11:37:48,0,34,0
11:37:48,55,0,0
11:37:49,10,0,0
11:37:49,11,33,0
11:37:49,0,17,0
11:37:49,35,0,0
11:37:49,12,11,0
11:37:49,0,13,0
11:37:50,4,0,0
11:37:50,0,13,0
11:37:50,0,24,0
11:37:50,0,0,0
11:37:50,25,0,0
11:37:51,0,39,0
11:37:51,0,3,0
11:37:51,28,0,0
11:37:51,15,16,0
11:37:51,0,12,0
11:37:52,0,0,0
11:37:52,40,16,0
11:37:52,0,28,0
11:37:52,5,0,0
11:37:52,27,0,0
11:37:53,0,96,0
11:37:53,0,0,0
11:37:53,26,31,0
11:37:53,24,16,0
11:37:53,0,22,0
11:37:53,0,0,0
11:37:54,17,20,0
11:37:54,0,22,0
11:37:54,24,0,0
11:37:54,24,0,0
11:37:54,0,0,0
11:37:54,0,0,0
11:37:54,13,24,0
11:37:55,13,0,0
11:37:55,27,0,0
11:37:55,19,24,0
11:37:55,0,33,0
11:37:56,0,0,0
11:37:56,25,0,0
11:37:56,0,14,0
11:37:56,0,0,0
11:37:56,28,2,0
11:37:57,20,30,0
11:37:57,0,0,0
11:37:57,16,0,0
11:37:57,19,13,0
11:37:57,0,32,0
11:37:57,5,0,0
11:37:58,36,26,0
11:37:58,0,26,0
11:37:58,0,0,0
11:37:58,30,15,0
11:37:58,1,39,0
11:37:59,0,0,0
11:37:59,17,0,0
11:37:59,7,29,0
11:37:59,0,20,0
11:37:59,8,0,0
11:37:59,54,4,0
11:38:00,0,27,0
11:38:00,55,0,0
11:38:00,32,7,0
11:38:00,11,33,0
11:38:00,0,0,0
11:38:01,35,0,0
11:38:01,5,26,0
11:38:01,0,13,0
11:38:01,17,0,0
11:38:01,0,13,0
11:38:01,0,16,0
11:38:02,0,0,0
11:38:02,18,6,0
11:38:02,0,39,0
11:38:02,0,0,0
11:38:02,28,0,0
11:38:02,2,39,0
11:38:03,0,12,0
11:38:03,31,0,0
11:38:03,40,16,0
11:38:03,0,16,0
11:38:03,5,0,0
11:38:04,13,31,0
11:38:04,0,96,0
11:38:04,3,0,0
11:38:04,26,31,0
11:38:04,0,26,0
11:38:05,0,22,0
11:38:05,15,0,0
11:38:05,17,20,0
11:38:05,0,8,0
11:38:05,9,0,0
11:38:05,44,30,0
11:38:06,0,0,0
11:38:06,1,0,0
11:38:06,29,0,0
11:38:06,0,23,0
11:38:06,0,0,0
11:38:07,32,0,0
11:38:07,19,24,0
11:38:07,35,4,0
11:38:07,0,0,0
11:38:07,80,23,0
11:38:08,0,14,0
11:38:08,8,0,0
11:38:08,28,2,0
11:38:08,0,25,0
11:38:08,0,0,0
11:38:09,0,0,0
11:38:09,19,13,0
11:38:09,0,0,0
11:38:09,5,0,0
11:38:09,0,22,0
11:38:09,0,26,0
11:38:10,5,0,0
11:38:10,30,15,0
11:38:10,0,19,0
11:38:10,0,0,0
11:38:10,32,4,0
11:38:11,7,29,0
11:38:11,0,0,0
11:38:11,8,0,0
11:38:11,5,87,0
11:38:11,0,27,0
11:38:11,7,33,0
11:38:12,32,7,0
11:38:12,0,54,0
11:38:12,0,0,0
11:38:12,35,0,0
11:38:12,5,26,0
11:38:13,17,0,0
11:38:13,17,0,0
11:38:13,0,16,0
11:38:13,0,0,0
11:38:13,18,6,0
11:38:14,18,15,0
11:38:14,0,0,0
11:38:14,23,20,0
11:38:14,2,39,0
11:38:14,0,0,0
11:38:15,31,0,0
11:38:15,12,32,0
11:38:15,0,16,0
11:38:15,18,0,0
11:38:15,13,31,0
11:38:16,0,11,0
11:38:16,3,0,0
11:38:16,40,7,0
11:38:16,0,26,0
11:38:16,0,0,0
11:38:17,15,0,0
11:38:17,2,38,0
11:38:17,0,8,0
11:38:17,19,0,0
11:38:18,44,30,0
11:38:18,0,2,0
11:38:18,1,0,0
11:38:18,23,12,0
11:38:19,0,23,0
11:38:19,0,0,0
11:38:19,32,0,0
11:38:19,0,25,0
11:38:19,35,4,0
11:38:20,21,0,0
11:38:20,80,23,0
11:38:20,0,3,0
11:38:20,8,0,0
11:38:20,28,15,0
11:38:21,0,25,0
11:38:21,12,0,0
11:38:21,0,0,0
11:38:21,0,27,0
11:38:21,0,0,0
11:38:22,21,0,0
11:38:22,0,22,0
11:38:22,0,1,0
11:38:22,5,0,0
11:38:22,27,14,0
11:38:23,0,19,0
11:38:23,2,0,0
11:38:23,32,4,0
11:38:23,0,31,0
11:38:23,0,0,0
11:38:24,22,2,0
11:38:24,5,87,0
11:38:24,0,0,0
11:38:24,7,33,0
11:38:24,13,23,0
11:38:25,0,54,0
11:38:25,14,0,0
11:38:25,35,0,0
11:38:25,0,23,0
11:38:26,0,0,0
11:38:26,26,0,0
11:38:26,18,0,0
11:38:26,0,0,0
11:38:26,21,0,0
11:38:27,13,26,0
11:38:27,0,15,0
11:38:27,13,0,0
11:38:27,23,20,0
11:38:27,20,22,0
11:38:28,0,0,0
11:38:28,100,15,0
11:38:28,12,32,0
11:38:28,0,0,0
11:38:29,18,0,0
11:38:29,3,29,0
11:38:29,0,11,0
11:38:29,0,0,0
11:38:29,40,7,0
11:38:29,0,15,0
11:38:30,0,0,0
11:38:30,12,13,0
11:38:30,2,38,0
11:38:30,0,0,0
11:38:31,19,0,0
11:38:31,0,28,0
11:38:31,0,2,0
11:38:31,21,0,0
11:38:31,23,12,0
11:38:32,0,24,0
11:38:32,0,0,0
11:38:32,30,78,0
11:38:32,0,25,0
11:38:32,1,20,0
11:38:32,21,0,0
11:38:33,2,52,0
11:38:33,0,3,0
11:38:33,13,0,0
11:38:33,28,15,0
11:38:34,12,0,0
11:38:34,12,0,0
11:38:34,0,27,0
11:38:34,0,0,0
11:38:34,21,0,0
11:38:35,21,28,0
11:38:35,0,1,0
11:38:35,19,0,0
11:38:35,27,14,0
11:38:36,0,0,0
11:38:36,2,0,0
11:38:36,19,23,0
11:38:36,0,31,0
11:38:36,5,0,0
11:38:37,22,2,0
11:38:37,0,45,0
11:38:37,0,0,0
11:38:37,21,0,0
11:38:37,13,23,0
11:38:38,0,0,0
11:38:38,14,0,0
11:38:38,20,22,0
11:38:38,0,23,0
11:38:38,0,0,0
11:38:39,26,0,0
11:38:39,0,37,0
11:38:39,0,0,0
11:38:39,21,0,0
11:38:39,13,26,0
11:38:40,0,0,0
11:38:40,13,0,0
11:38:40,23,22,0
11:38:40,20,22,0
11:38:41,13,0,0
11:38:41,100,15,0
11:38:41,0,19,0
11:38:41,0,0,0
11:38:41,27,0,0
11:38:42,3,29,0
11:38:42,0,0,0
11:38:42,0,0,0
11:38:42,0,28,0
11:38:42,0,15,0
11:38:42,17,0,0
11:38:43,12,13,0
11:38:43,0,32,0
11:38:43,0,0,0
11:38:43,26,4,0
11:38:44,0,28,0
11:38:44,0,0,0
11:38:44,21,0,0
11:38:44,5,34,0
11:38:44,0,24,0
11:38:44,13,0,0
11:38:45,30,78,0
11:38:45,0,17,0
11:38:45,1,20,0
11:38:45,39,4,0
11:38:45,2,52,0
11:38:46,0,0,0
11:38:46,13,0,0
11:38:46,0,29,0
11:38:46,0,0,0
11:38:46,17,0,0
11:38:46,28,0,0
11:38:47,0,16,0
11:38:47,1,0,0
11:38:47,26,16,0
11:38:47,0,28,0
11:38:48,37,0,0
11:38:48,19,0,0
11:38:48,62,25,0
11:38:48,0,0,0
11:38:48,76,0,0
11:38:49,19,23,0
11:38:49,0,3,0
11:38:49,5,0,0
11:38:49,19,29,0
11:38:49,0,45,0
11:38:50,0,0,0
11:38:50,21,0,0
11:38:50,0,39,0
11:38:50,0,0,0
11:38:50,6,0,0
11:38:50,20,22,0
11:38:51,0,2,0
11:38:51,0,0,0
11:38:51,22,21,0
11:38:51,0,37,0
11:38:51,0,0,0
11:38:52,21,0,0
11:38:52,0,40,0
11:38:52,0,0,0
11:38:52,33,61,0
11:38:52,23,22,0
11:38:53,0,50,0
11:38:53,13,0,0
11:38:53,24,17,0
11:38:53,0,19,0
11:38:53,5,0,0
11:38:54,27,0,0
11:38:54,0,0,0
11:38:54,0,0,0
11:38:54,0,28,0
11:38:54,0,0,0
11:38:55,17,0,0
11:38:55,16,18,0
11:38:55,0,32,0
11:38:55,10,0,0
11:38:56,26,4,0
11:38:56,0,24,0
11:38:56,0,0,0
11:38:56,34,0,0
11:38:56,5,34,0
11:38:57,0,0,0
11:38:57,13,0,0
11:38:57,17,17,0
11:38:57,0,17,0
11:38:57,11,0,0
11:38:58,39,4,0
11:38:58,0,33,0
11:38:58,0,0,0
11:38:58,42,8,0
11:38:58,0,29,0
11:38:58,0,0,0
11:38:59,17,0,0
11:38:59,12,32,0
11:38:59,0,16,0
11:38:59,6,0,0
11:38:59,26,16,0
11:39:00,0,14,0
11:39:00,37,0,0
11:39:00,30,7,0
11:39:00,62,25,0
11:39:00,0,0,0
11:39:01,76,0,0
11:39:01,0,30,0
11:39:01,0,3,0
11:39:01,33,0,0
11:39:01,19,29,0
11:39:02,0,17,0
11:39:02,0,0,0
11:39:02,29,21,0
11:39:02,0,39,0
11:39:02,0,0,0
11:39:03,6,0,0
11:39:03,2,33,0
11:39:03,0,2,0
11:39:03,19,0,0
11:39:03,22,21,0
11:39:04,0,2,0
11:39:04,0,0,0
11:39:04,32,11,0
11:39:04,0,40,0
11:39:04,0,0,0
11:39:05,33,61,0
11:39:05,0,41,0
11:39:05,0,50,0
11:39:05,24,0,0
11:39:05,24,17,0
11:39:06,0,0,0
11:39:06,5,0,0
11:39:06,32,14,0
11:39:06,0,0,0
11:39:06,4,0,0
11:39:07,26,0,0
11:39:07,0,32,0
11:39:07,0,0,0
11:39:07,12,0,0
11:39:07,16,18,0
11:39:08,8,0,0
11:39:08,10,0,0
11:39:08,88,29,0
11:39:08,0,24,0
11:39:08,16,0,0
11:39:09,34,0,0
11:39:09,0,33,0
11:39:09,0,0,0
11:39:09,0,0,0
11:39:09,17,17,0
11:39:10,0,0,0
11:39:10,11,0,0
11:39:10,0,29,0
11:39:10,0,33,0
11:39:10,6,0,0
11:39:10,42,8,0
11:39:11,0,25,0
11:39:11,0,0,0
11:39:11,13,6,0
11:39:11,12,32,0
11:39:11,0,0,0
11:39:11,6,0,0
11:39:12,18,73,0
11:39:12,0,14,0
11:39:12,18,44,0
11:39:12,30,7,0
11:39:12,0,74,0
11:39:13,0,0,0
11:39:13,30,23,0
11:39:13,0,30,0
11:39:13,33,0,0
11:39:13,33,0,0
11:39:14,0,17,0
11:39:14,0,0,0
11:39:14,29,21,0
11:39:14,29,0,0
11:39:15,0,0,0
11:39:15,19,14,0
11:39:15,2,33,0
11:39:15,3,0,0
11:39:15,19,0,0
11:39:16,0,41,0
11:39:16,0,2,0
11:39:16,20,0,0
11:39:16,32,11,0
11:39:16,0,6,0
11:39:17,0,0,0
11:39:17,25,15,0
11:39:17,0,41,0
11:39:17,0,0,0
11:39:17,24,0,0
11:39:18,0,27,0
11:39:18,0,0,0
11:39:18,31,0,0
11:39:18,32,14,0
11:39:18,0,14,0
11:39:19,4,0,0
11:39:19,32,27,0
11:39:19,0,32,0
11:39:19,0,0,0
11:39:19,12,0,0
11:39:20,0,37,0
11:39:20,8,0,0
11:39:20,29,0,0
11:39:20,88,29,0
11:39:20,0,0,0
11:39:21,16,0,0
11:39:21,23,20,0
11:39:21,0,33,0
11:39:21,6,0,0
11:39:21,0,0,0
11:39:22,0,17,0
11:39:22,0,0,0
11:39:22,14,11,0
11:39:22,0,29,0
11:39:22,0,0,0
11:39:23,6,0,0
11:39:23,24,22,0
11:39:23,0,25,0
11:39:23,3,0,0
11:39:23,13,6,0
11:39:24,0,19,0
11:39:24,0,0,0
11:39:24,33,0,0
11:39:24,18,73,0
11:39:25,0,0,0
11:39:25,18,44,0
11:39:25,11,15,0
11:39:25,0,74,0
11:39:25,15,0,0
11:39:25,30,23,0
11:39:26,0,27,0
11:39:26,0,0,0
11:39:26,21,10,0
11:39:26,6,0,0
11:39:26,0,0,0
11:39:27,9,0,0
11:39:27,19,31,0
11:39:27,0,0,0
11:39:27,31,0,0
11:39:27,19,14,0
11:39:28,27,20,0
11:39:28,3,0,0
11:39:28,95,0,0
11:39:28,0,41,0
11:39:28,20,0,0
11:39:29,20,0,0
11:39:29,7,32,0
11:39:29,0,6,0
11:39:29,0,0,0
11:39:29,25,15,0
11:39:30,0,15,0
11:39:30,0,0,0
11:39:30,0,2,0
11:39:30,0,27,0
11:39:30,0,0,0
11:39:31,31,0,0
11:39:31,0,32,0
11:39:31,0,14,0
11:39:31,24,0,0
11:39:31,32,27,0
11:39:32,0,20,0
11:39:32,0,0,0
11:39:32,35,48,0
11:39:32,0,37,0
11:39:32,8,20,0
11:39:33,29,0,0
11:39:33,0,62,0
11:39:33,0,0,0
11:39:33,17,0,0
11:39:33,23,20,0
11:39:34,6,0,0
11:39:34,6,0,0
11:39:34,0,17,0
11:39:34,0,0,0
11:39:34,14,11,0
11:39:35,14,16,0
11:39:35,0,0,0
11:39:35,16,0,0
11:39:35,24,22,0
11:39:36,0,0,0
11:39:36,3,0,0
11:39:36,27,27,0
11:39:36,0,19,0
11:39:36,2,0,0
11:39:37,33,0,0
11:39:37,0,30,0
11:39:37,0,0,0
11:39:37,26,1,0
11:39:37,11,15,0
11:39:38,0,0,0
11:39:38,15,0,0
11:39:38,16,28,0
11:39:38,0,27,0
11:39:38,10,0,0
11:39:39,21,10,0
11:39:39,0,14,0
11:39:39,0,0,0
11:39:39,33,13,0
11:39:39,19,31,0
11:39:40,0,0,0
11:39:40,31,0,0
11:39:40,17,20,0
11:39:40,27,20,0
11:39:40,11,0,0
11:39:41,95,0,0
11:39:41,0,25,0
11:39:41,20,0,0
11:39:41,36,13,0
11:39:41,7,32,0
11:39:42,0,0,0
11:39:42,0,0,0
11:39:42,2,25,0
11:39:42,0,15,0
11:39:42,20,0,0
11:39:43,0,2,0
11:39:43,0,22,0
11:39:43,0,0,0
11:39:43,41,11,0
11:39:43,0,32,0
11:39:44,2,0,0
11:39:44,24,0,0
11:39:44,3,35,0
11:39:44,0,20,0
11:39:44,11,0,0
11:39:45,35,48,0
11:39:45,0,16,0
11:39:45,8,20,0
11:39:45,20,3,0
11:39:45,0,62,0
11:39:46,0,0,0
11:39:46,17,0,0
11:39:46,0,37,0
11:39:46,0,0,0
11:39:46,22,0,0
11:39:47,33,0,0
11:39:47,0,20,0
11:39:47,0,0,0
11:39:47,26,7,0
11:39:47,0,16,0
11:39:48,18,0,0
11:39:48,16,0,0
11:39:48,40,33,011:39:53,0,0,0
11:39:53,57,4,0
11:39:54,27,27,0
11:39:54,0,7,0
11:39:54,2,0,0
11:39:54,8,12,0
11:39:54,0,30,0
11:39:55,0,0,0
11:39:55,26,1,0
11:39:55,0,31,0
11:39:55,0,0,0
11:39:55,0,8,0
11:39:56,16,28,0
11:39:56,0,9,0
11:39:56,10,0,0
11:39:56,14,31,0
11:39:56,0,14,0
11:39:57,1,0,0
11:39:57,33,13,0
11:39:57,0,40,0
11:39:57,0,0,0
11:39:57,19,74,0
11:39:58,17,20,0
11:39:58,0,56,0
11:39:58,11,0,0
11:39:58,20,28,0
11:39:58,0,25,0
11:39:59,5,0,0
11:39:59,36,13,0
11:39:59,0,0,0
11:39:59,0,0,0
11:39:59,2,25,0
11:40:00,2,0,0
11:40:00,20,0,0
11:40:00,20,32,0
11:40:00,0,22,0
11:40:01,22,0,0
11:40:01,41,11,0
11:40:01,0,21,0
11:40:01,2,0,0
11:40:02,31,18,0
11:40:02,3,35,0
11:40:02,0,0,0
11:40:02,11,0,0
11:40:02,15,34,0
11:40:03,0,16,0
11:40:03,20,0,0
11:40:03,20,3,0
11:40:03,0,11,0
11:40:03,0,0,0
11:40:04,34,14,0
11:40:04,0,37,0
11:40:04,0,0,0
11:40:04,22,0,0
11:40:04,8,12,0
11:40:05,0,20,0
11:40:05,13,0,0
11:40:05,26,7,0
11:40:05,0,16,0
11:40:06,18,0,0
11:40:06,29,24,0
11:40:06,40,33,0
11:40:06,0,0,0
11:40:06,57,4,0
11:40:07,0,20,0
11:40:07,0,7,0
11:40:07,25,0,0
11:40:07,8,12,0
11:40:07,0,9,0
11:40:08,0,0,0
11:40:08,49,0,0
11:40:08,0,31,0
11:40:08,0,0,0
11:40:08,0,8,0
11:40:09,0,35,0
11:40:09,0,9,0
11:40:09,34,0,0
11:40:09,14,31,0
11:40:09,0,10,0
11:40:10,1,0,0
11:40:10,37,22,0
11:40:10,0,40,0
11:40:10,0,0,0
11:40:11,19,74,0
11:40:11,0,24,0
11:40:11,0,56,0
11:40:11,23,7,0
11:40:11,20,28,0
11:40:12,0,0,0
11:40:12,5,0,0
11:40:12,12,10,0
11:40:12,0,0,0
11:40:13,0,0,0
11:40:13,27,0,0
11:40:13,0,38,0
11:40:13,0,0,0
11:40:13,38,6,0
11:40:14,11,32,0
11:40:14,20,0,0
11:40:14,22,0,0
11:40:14,79,21,0
11:40:14,0,21,0
11:40:15,58,0,0
11:40:15,31,18,0
11:40:15,0,30,0
11:40:15,0,0,0
11:40:16,3,4,0
11:40:16,15,34,0
11:40:16,0,0,0
11:40:16,20,0,0
11:40:16,0,28,0
11:40:16,0,11,0
11:40:17,3,0,0
11:40:17,34,14,0
11:40:17,0,12,0
11:40:17,0,0,0
11:40:17,36,20,0
11:40:18,8,12,0
11:40:18,0,0,0
11:40:18,13,0,0
11:40:18,0,65,0
11:40:18,0,16,0
11:40:19,17,41,0
11:40:19,29,24,0
11:40:19,0,56,0
11:40:19,0,0,0
11:40:19,22,4,0
11:40:20,0,20,0
11:40:20,5,0,0
11:40:20,25,0,0
11:40:20,0,9,0
11:40:20,0,0,0
11:40:21,49,0,0
11:40:21,49,0,0
11:40:21,0,0,0
11:40:21,22,26,0
11:40:22,0,35,0
11:40:22,0,0,0
11:40:22,34,0,0
11:40:22,0,25,0
11:40:22,0,10,0
11:40:23,25,0,0
11:40:23,37,22,0
11:40:23,0,10,0
11:40:23,0,0,0
11:40:23,26,18,0
11:40:24,0,24,0
11:40:24,0,0,0
11:40:24,23,7,0
11:40:24,0,30,0
11:40:24,0,0,0
11:40:25,24,0,0
11:40:25,12,10,0
11:40:25,0,0,0
11:40:25,0,0,0
11:40:25,9,17,0
11:40:26,0,38,0
11:40:26,11,0,0
11:40:26,38,6,0
11:40:26,0,34,0
11:40:26,20,0,0
11:40:27,28,0,0
11:40:27,79,21,0
11:40:27,0,0,0
11:40:27,58,0,0
11:40:27,18,15,0
11:40:28,0,30,0
11:40:28,8,0,0
11:40:28,3,4,0
11:40:28,0,24,0
11:40:28,0,0,0
11:40:29,37,1,0
11:40:29,0,28,0
11:40:29,0,0,0
11:40:29,3,0,0
11:40:29,18,22,0
11:40:30,0,12,0
11:40:30,25,0,0
11:40:30,36,20,0
11:40:30,0,17,0
11:40:30,0,0,0
11:40:31,32,7,0
11:40:31,0,65,0
11:40:31,0,0,0
11:40:31,17,41,0
11:40:31,2,29,0
11:40:32,0,56,0
11:40:32,13,0,0
11:40:32,22,4,0
11:40:32,0,11,0
11:40:32,5,0,0
11:40:33,36,14,0
11:40:33,0,0,0
11:40:33,0,0,0
11:40:33,17,0,0
11:40:34,0,31,0
11:40:34,0,0,0
11:40:34,25,0,0
11:40:34,22,26,0
11:40:34,23,11,0
11:40:35,0,0,0
11:40:35,97,11,0
11:40:35,0,25,0
11:40:35,10,0,0
11:40:35,25,0,0
11:40:36,0,34,0
11:40:36,0,10,0
11:40:36,0,0,0
11:40:36,26,18,0
11:40:37,0,0,0
11:40:37,0,0,0
11:40:37,0,17,0
11:40:37,0,30,0
11:40:37,0,0,0
11:40:37,24,0,0
11:40:38,0,37,0
11:40:38,0,0,0
11:40:38,26,0,0
11:40:38,9,17,0
11:40:39,0,0,0
11:40:39,11,0,0
11:40:39,22,45,0
11:40:39,0,34,0
11:40:39,4,19,0
11:40:40,28,0,0
11:40:40,0,71,0
11:40:40,0,0,0
11:40:40,34,2,0
11:40:40,18,15,0
11:40:41,0,0,0
11:40:41,8,0,0
11:40:41,0,24,0
11:40:41,0,0,0
11:40:42,37,1,0
11:40:42,37,4,0
11:40:42,0,0,0
11:40:42,23,7,0
11:40:42,18,22,0
11:40:43,0,0,0
11:40:43,25,0,0
11:40:43,15,27,0
11:40:43,0,17,0
11:40:44,14,0,0
11:40:44,32,7,0
11:40:44,0,24,0
11:40:44,0,0,0
11:40:44,36,6,0
11:40:45,2,29,0
11:40:45,0,0,0
11:40:45,13,0,0
11:40:45,18,29,0
11:40:46,0,11,0
11:40:46,17,0,0
11:40:46,36,14,0
11:40:46,0,21,0
11:40:46,0,0,0
11:40:47,43,9,0
11:40:47,0,31,0
11:40:47,0,0,0
11:40:47,25,0,0
11:40:48,0,28,0
11:40:48,23,11,0
11:40:48,32,0,0
11:40:48,97,11,0
11:40:48,0,18,0
11:40:49,10,0,0
11:40:49,36,20,0
11:40:49,0,34,0
11:40:49,1,0,0
11:40:50,0,0,0
11:40:50,0,26,0
11:40:50,0,0,0
11:40:50,24,0,0
11:40:51,0,17,0
11:40:51,0,13,0
11:40:51,0,0,0
11:40:51,20,15,0
11:40:52,0,37,0
11:40:52,0,0,0
11:40:52,26,0,0
11:40:52,0,31,0
11:40:52,0,0,0
11:40:53,28,0,0
11:40:53,22,45,0
11:40:53,0,0,0
11:40:53,4,19,0
11:40:54,27,28,0
11:40:54,0,71,0
11:40:54,5,0,0
11:40:54,34,2,0
11:40:54,0,20,0
11:40:55,0,0,0
11:40:55,32,0,0
11:40:55,18,0,0
11:40:55,0,0,0
11:40:55,8,0,0
11:40:56,22,18,0
11:40:56,0,4,0
11:40:56,6,0,0
11:40:56,23,7,0
11:40:56,0,38,0
11:40:57,0,0,0
11:40:57,96,1,0
11:40:57,15,27,0
11:40:57,35,0,0
11:40:58,14,0,0
11:40:58,13,15,0
11:40:58,0,24,0
11:40:58,0,0,0
11:40:59,36,6,0
11:40:59,0,26,0
11:40:59,0,0,0
11:40:59,0,7,0
11:40:59,18,29,0
11:41:00,0,0,0
11:41:00,17,0,0
11:41:00,2,17,0
11:41:00,0,21,0
11:41:01,7,0,0
11:41:01,43,9,0
11:41:01,0,16,0
11:41:01,0,0,0
11:41:01,27,4,0
11:41:02,0,28,0
11:41:02,0,26,0
11:41:02,32,0,0
11:41:02,2,83,0
11:41:03,0,18,0
11:41:03,23,4,0
11:41:03,36,20,0
11:41:03,0,24,0
11:41:03,1,0,0
11:41:04,0,26,0
11:41:04,0,0,0
11:41:04,24,0,0
11:41:05,24,12,0
11:41:05,0,13,0
11:41:05,0,0,0
11:41:05,20,15,0
11:41:05,0,11,0
11:41:06,0,0,0
11:41:06,43,7,0
11:41:06,0,31,0
11:41:06,0,0,0
11:41:06,28,0,0
11:41:07,0,30,0
11:41:07,0,0,0
11:41:07,18,9,0
11:41:07,27,28,0
11:41:08,0,2,0
11:41:08,5,0,0
11:41:08,38,14,0
11:41:08,0,20,0
11:41:08,0,0,0
11:41:09,32,0,0
11:41:09,0,27,0
11:41:09,0,0,0
11:41:09,30,0,0
11:41:09,22,18,0
11:41:10,0,0,0
11:41:10,6,0,0
11:41:10,23,29,0
11:41:10,0,38,0
11:41:11,10,0,0
11:41:11,96,1,0
11:41:11,0,26,0
11:41:11,35,0,0
11:41:12,30,0,0
11:41:12,13,15,0
11:41:12,0,0,0
11:41:12,0,0,0
11:41:12,25,24,0
11:41:13,0,26,0
11:41:13,11,0,0
11:41:13,0,7,0
11:41:13,0,23,0
11:41:14,0,0,0
11:41:14,31,7,0
11:41:14,2,17,0
11:41:14,0,0,0
11:41:14,7,0,0
11:41:15,0,22,0
11:41:15,0,16,0
11:41:15,8,0,0
11:41:15,27,4,0
11:41:15,0,18,0
11:41:16,0,26,0
11:41:16,37,11,0
11:41:16,2,83,0
11:41:16,0,0,0
11:41:17,23,4,0
11:41:17,3,26,0
11:41:17,0,24,0
11:41:17,17,0,0
11:41:17,37,0,0
11:41:18,0,22,0
11:41:18,0,0,0
11:41:18,28,6,0
11:41:18,0,12,0
11:41:18,0,0,0
11:41:19,31,0,0
11:41:19,8,20,0
11:41:19,0,11,0
11:41:19,91,0,0
11:41:19,43,7,0
11:41:20,35,14,0
11:41:20,0,0,0
11:41:20,44,17,0
11:41:20,0,30,0
11:41:21,6,0,0
11:41:21,18,9,0
11:41:21,0,34,0
11:41:21,0,2,0
11:41:21,0,0,0
11:41:22,38,14,0
11:41:22,0,9,0
11:41:22,0,0,0
11:41:22,34,15,0
11:41:22,0,27,0
11:41:23,0,0,0
11:41:23,30,0,0
11:41:23,0,16,0
11:41:23,0,0,0
11:41:24,18,0,0
11:41:24,23,29,0
11:41:24,0,41,0
11:41:24,10,0,0
11:41:25,28,95,0
11:41:25,0,26,0
11:41:25,15,0,0
11:41:25,30,0,0
11:41:26,0,29,0
11:41:26,0,0,0
11:41:26,25,24,0
11:41:26,25,0,0
11:41:27,11,0,0
11:41:27,11,0,0
11:41:27,0,23,0
11:41:27,0,0,0
11:41:28,31,7,0
11:41:28,0,28,0
11:41:28,0,0,0
11:41:28,29,0,0
11:41:28,0,22,0
11:41:29,0,0,0
11:41:29,8,0,0
11:41:29,14,27,0
11:41:29,0,18,0
11:41:30,0,0,0
11:41:30,37,11,0
11:41:30,0,23,0
11:41:30,0,0,0
11:41:31,25,7,0
11:41:31,3,26,0
11:41:31,0,0,0
11:41:31,17,0,0
11:41:31,23,24,0
11:41:32,0,22,0
11:41:32,21,0,0
11:41:32,28,6,0
11:41:32,0,24,0
11:41:32,0,0,0
11:41:33,40,8,0
11:41:33,8,20,0
11:41:33,0,0,0
11:41:33,91,0,0
11:41:33,5,37,0
11:41:34,35,14,0
11:41:34,19,0,0
11:41:34,44,17,0
11:41:34,0,19,0
11:41:34,6,0,0
11:41:35,28,15,0
11:41:35,0,34,0
11:41:35,0,0,0
11:41:35,0,0,0
11:41:36,0,33,0
11:41:36,0,9,0
11:41:36,25,0,0
11:41:36,34,15,0
11:41:36,0,19,0
11:41:37,0,0,0
11:41:37,28,23,0
11:41:37,0,16,0
11:41:37,0,0,0
11:41:38,18,0,0
11:41:38,0,32,0
11:41:38,0,41,0
11:41:38,28,0,0
11:41:38,28,95,0
11:41:39,0,0,0
11:41:39,15,0,0
11:41:39,26,18,0
11:41:39,0,29,0
11:41:40,0,0,0
11:41:40,24,0,0
11:41:40,0,29,0
11:41:40,0,0,0
11:41:41,29,0,0
11:41:41,20,0,0
11:41:41,0,0,0
11:41:41,11,0,0
11:41:41,40,25,0
11:41:42,0,28,0
11:41:42,66,0,0
11:41:42,29,0,0
11:41:42,35,34,0
11:41:42,0,0,0
11:41:43,33,4,0
11:41:43,14,27,0
11:41:43,0,0,0
11:41:43,0,0,0
11:41:44,0,11,0
11:41:44,0,23,0
11:41:44,0,0,0
11:41:44,25,7,0
11:41:44,0,22,0
11:41:45,0,0,0
11:41:45,35,0,0
11:41:45,23,24,0
11:41:45,0,0,0
11:41:45,21,0,0
11:41:46,8,29,0
11:41:46,0,24,0
11:41:46,10,0,0
11:41:46,40,8,0
11:41:47,0,64,0
11:41:47,0,0,0
11:41:47,40,78,0
11:41:47,5,37,0
11:41:47,0,0,0
11:41:48,19,0,0
11:41:48,19,0,0
11:41:48,19,0,0
11:41:48,0,10,0
11:41:48,27,15,0
11:41:49,0,0,0
11:41:49,1,30,0
11:41:49,21,0,0
11:41:50,0,10,0
11:41:50,29,7,0
11:41:50,0,0,0
11:41:50,0,43,0
11:41:50,16,0,0
11:41:51,0,3,0
11:41:51,30,19,0
11:41:51,0,0,0
11:41:51,0,30,0
11:41:51,35,0,0
11:41:52,0,0,0
11:41:52,25,10,0
11:41:52,12,0,0
11:41:52,0,29,0
11:41:52,24,1,0
11:41:53,0,0,0
11:41:53,11,19,0
11:41:53,18,0,0
11:41:53,0,30,0
11:41:53,39,2,0
11:41:54,0,0,0
11:41:54,14,14,0
11:41:54,16,0,0
11:41:54,0,30,0
11:41:55,24,0,0
11:41:55,0,0,0
11:41:55,0,0,0
11:41:55,0,25,0
11:41:55,21,0,0
11:41:56,0,0,0
11:41:56,12,19,0
11:41:56,18,0,0
11:41:56,0,31,0
11:41:57,33,0,0
11:41:57,0,0,0
11:41:57,9,27,0
11:41:57,27,0,0
11:41:58,0,27,0
11:41:58,34,0,0
11:41:58,0,0,0
11:41:58,6,19,0
11:41:58,16,0,0
11:41:59,0,24,0
11:41:59,32,9,0
11:41:59,0,0,0
11:41:59,4,34,0
11:42:00,19,0,0
11:42:00,0,16,0
11:42:00,33,15,0
11:42:00,0,0,0
11:42:00,4,33,0
11:42:01,20,0,0
11:42:01,0,10,0
11:42:01,24,18,0
11:42:01,0,0,0
11:42:01,0,35,0
11:42:02,12,0,0
11:42:02,0,0,0
11:42:02,0,0,0
11:42:02,30,19,0
11:42:03,0,25,0
11:42:03,10,0,0
11:42:03,21,0,0
11:42:03,0,37,0
11:42:03,0,0,0
11:42:04,89,0,0
11:42:04,12,19,0
11:42:04,44,0,0
11:42:04,18,0,0
11:42:05,37,17,0
11:42:05,0,31,0
11:42:05,0,0,0
11:42:05,33,0,0
11:42:06,0,31,0
11:42:06,0,0,0
11:42:06,0,2,0
11:42:06,9,27,0
11:42:07,0,0,0
11:42:07,27,0,0
11:42:07,5,15,0
11:42:07,0,27,0
11:42:07,13,0,0
11:42:08,34,0,0
11:42:08,0,25,0
11:42:08,0,0,0
11:42:08,30,9,0
11:42:09,6,19,0
11:42:09,0,17,0
11:42:09,16,0,0
11:42:09,8,87,0
11:42:09,0,24,0
11:42:10,10,9,0
11:42:10,32,9,0
11:42:10,0,39,0
11:42:11,0,0,0
11:42:11,4,34,0
11:42:11,4,34,0
11:42:11,19,0,0
11:42:11,19,13,0
11:42:12,0,16,0
11:42:12,0,0,0
11:42:12,33,15,0
11:42:12,0,17,0
11:42:13,0,0,0
11:42:13,31,23,0
11:42:13,4,33,0
11:42:13,0,0,0
11:42:13,20,0,0
11:42:14,0,28,0
11:42:14,0,10,0
11:42:14,11,0,0
11:42:14,24,18,0
11:42:15,0,17,0
11:42:15,0,0,0
11:42:15,41,6,0
11:42:15,0,35,0
11:42:15,0,0,0
11:42:16,12,0,0
11:42:16,0,24,0
11:42:16,0,0,0
11:42:17,28,0,0
11:42:17,30,19,0
11:42:17,0,5,0
11:42:17,10,0,0
11:42:17,19,29,0
11:42:18,0,37,0
11:42:18,0,0,0
11:42:18,89,0,0
11:42:18,0,31,0
11:42:18,44,0,0
11:42:19,24,0,0
11:42:19,37,17,0
11:42:19,0,0,0
11:42:19,0,0,0
11:42:20,17,14,0
11:42:20,0,31,0
11:42:20,19,0,0
11:42:20,0,2,0
11:42:20,0,16,0
11:42:21,0,0,0
11:42:21,33,0,0
11:42:21,5,15,0
11:42:22,0,0,0
11:42:22,13,0,0
11:42:22,28,24,0
11:42:22,0,25,0
11:42:22,11,0,0
11:42:23,30,9,0
11:42:23,0,22,0
11:42:23,0,17,0
11:42:23,22,5,0
11:42:24,8,87,0
11:42:24,0,0,0
11:42:24,10,9,0
11:42:24,17,21,0
11:42:25,0,39,0
11:42:25,17,0,0
11:42:25,31,0,0
11:42:25,0,11,0
11:42:26,0,0,0
11:42:26,39,15,0
11:42:26,11,13,0
11:42:26,0,0,0
11:42:27,22,0,0
11:42:27,30,19,0
11:42:27,0,17,0
11:42:27,91,0,0
11:42:28,31,23,0
11:42:28,29,20,0
11:42:28,0,0,0
11:42:28,42,7,0
11:42:28,0,28,0
11:42:29,0,0,0
11:42:29,11,0,0
11:42:29,0,36,0
11:42:29,0,17,0
11:42:30,0,0,0
11:42:30,41,6,0
11:42:30,0,9,0
11:42:30,0,0,0
11:42:31,21,15,0
11:42:31,0,24,0
11:42:31,0,0,0
11:42:31,28,0,0
11:42:31,0,34,0
11:42:32,0,5,0
11:42:32,28,13,0
11:42:32,19,29,0
11:42:32,0,59,0
11:42:33,0,0,0
11:42:33,29,100,0
11:42:33,0,31,0
11:42:34,0,0,0
11:42:34,24,0,0
11:42:34,0,0,0
11:42:34,0,0,0
11:42:35,17,14,0
11:42:35,17,0,0
11:42:35,19,0,0
11:42:35,19,0,0
11:42:36,0,16,0
11:42:36,13,0,0
11:42:36,33,0,0
11:42:36,0,36,0
11:42:36,0,0,0
11:42:37,20,0,0
11:42:37,28,24,0
11:42:37,0,0,0
11:42:37,11,0,0
11:42:38,14,19,0
11:42:38,0,22,0
11:42:38,12,0,0
11:42:38,22,5,0
11:42:39,0,27,0
11:42:39,0,0,0
11:42:39,22,4,0
11:42:39,17,21,0
11:42:39,0,0,0
11:42:40,17,0,0
11:42:40,14,16,0
11:42:40,0,11,0
11:42:40,22,0,0
11:42:41,39,15,0
11:42:41,0,37,0
11:42:41,0,0,0
11:42:41,29,2,0
11:42:42,30,19,0
11:42:42,0,0,0
11:42:42,91,0,0
11:42:42,5,27,0
11:42:42,29,20,0
11:42:43,6,0,0
11:42:43,42,7,0
11:42:43,0,11,0
11:42:43,0,0,0
11:42:43,32,7,0
11:42:44,0,36,0
11:42:44,0,0,0
11:42:44,0,0,0
11:42:44,0,24,0
11:42:45,0,9,0
11:42:45,26,0,0
11:42:45,21,15,0
11:42:45,0,9,0
11:42:46,0,0,0
11:42:46,32,7,0
11:42:46,0,34,0
11:42:46,0,0,0
11:42:46,28,13,0
11:42:47,0,43,0
11:42:47,0,59,0
11:42:47,23,0,0
11:42:47,29,100,0
11:42:47,0,7,0
11:42:48,0,0,0
11:42:48,31,17,0
11:42:48,0,9,0
11:42:48,7,0,0
11:42:49,15,0,0
11:42:49,0,37,0
11:42:49,0,0,0
11:42:49,18,0,0
11:42:50,23,0,0
11:42:50,0,5,0
11:42:50,13,0,0
11:42:50,61,12,0
11:42:50,0,36,0
11:42:51,61,0,0
11:42:51,20,0,0
11:42:51,26,29,0
11:42:51,0,0,0
11:42:51,21,0,0
11:42:52,14,19,0
11:42:52,0,0,0
11:42:52,12,0,0
11:42:52,0,23,0
11:42:53,0,27,0
11:42:53,0,0,0
11:42:53,22,4,0
11:42:53,0,32,0
11:42:54,0,0,0
11:42:54,25,0,0
11:42:54,14,16,0
11:42:54,0,0,0
11:42:54,22,0,0
11:42:55,30,21,0
11:42:55,0,37,0
11:42:55,7,0,0
11:42:55,29,2,0
11:42:56,0,79,0
11:42:56,0,0,0
11:42:56,32,43,0
11:42:56,5,27,0
11:42:56,0,0,0
11:42:57,21,19,0
11:42:57,0,11,0
11:42:57,0,11,0
11:42:58,32,7,0
11:42:58,32,0,0
11:42:58,0,0,0
11:42:58,0,0,0
11:42:59,0,24,0
11:42:59,0,0,0
11:42:59,26,0,0
11:42:59,4,34,0
11:43:00,0,9,0
11:43:00,23,0,0
11:43:00,32,7,0
11:43:01,0,15,0
11:43:01,0,0,0
11:43:01,39,7,0
11:43:01,0,43,0
11:43:02,0,0,0
11:43:02,23,0,0
11:43:02,0,30,0
11:43:02,0,7,0
11:43:03,22,0,0
11:43:03,31,17,0
11:43:03,0,8,0
11:43:03,7,0,0
11:43:04,35,15,0
11:43:04,0,37,0
11:43:04,1,0,0
11:43:04,18,0,0
11:43:04,0,22,0
11:43:05,0,5,0
11:43:05,29,0,0
11:43:05,61,12,0
11:43:05,0,5,0
11:43:05,61,0,0
11:43:06,32,25,0
11:43:06,26,29,0
11:43:06,0,0,0
11:43:07,21,0,0
11:43:07,0,30,0
11:43:07,0,0,0
11:43:07,27,0,0
11:43:08,0,23,0
11:43:08,0,0,0
11:43:08,0,0,0
11:43:08,20,26,0
11:43:09,0,32,0
11:43:09,22,0,0
11:43:09,25,0,0
11:43:09,0,18,0
11:43:09,0,0,0
11:43:10,29,8,0
11:43:10,30,21,0
11:43:10,0,0,0
11:43:10,7,0,0
11:43:11,19,27,0
11:43:11,0,79,0
11:43:11,3,0,0
11:43:11,32,43,0
11:43:12,0,10,0
11:43:12,0,0,0
11:43:12,28,4,0
11:43:12,21,19,0
11:43:12,0,0,0
11:43:13,18,0,0
11:43:13,17,36,0
11:43:13,0,0,0
11:43:14,18,0,0
11:43:14,31,0,0
11:43:14,0,30,0
11:43:14,0,0,0
11:43:15,103,14,0
11:43:15,4,34,0
11:43:15,34,0,0
11:43:15,23,0,0
11:43:15,22,36,0
11:43:16,0,15,0
11:43:16,21,0,0
11:43:16,39,7,0
11:43:17,0,7,0
11:43:17,0,0,0
11:43:17,0,12,0
11:43:17,0,30,0
11:43:17,0,0,0
11:43:18,22,0,0
11:43:18,0,20,0
11:43:18,0,8,0
11:43:18,12,0,0
11:43:19,35,15,0
11:43:19,0,5,0
11:43:19,1,0,0
11:43:19,24,25,0
11:43:20,0,22,0
11:43:20,0,0,0
11:43:20,29,0,0
11:43:20,0,104,0
11:43:21,0,5,0
11:43:21,38,31,0
11:43:21,32,25,0
11:43:21,0,22,0
11:43:22,0,0,0
11:43:22,0,30,0
11:43:22,0,30,0
11:43:22,27,0,0
11:43:23,27,0,0
11:43:23,0,0,0
11:43:23,0,0,0
11:43:23,20,26,0
11:43:24,0,0,0
11:43:24,22,0,0
11:43:24,24,31,0
11:43:25,0,18,0
11:43:25,11,0,0
11:43:25,29,8,0
11:43:25,0,27,0
11:43:25,0,0,0
11:43:26,26,0,0
11:43:26,19,27,0
11:43:26,0,0,0
11:43:27,3,0,0
11:43:27,8,27,0
11:43:27,0,10,0
11:43:27,0,0,0
11:43:28,28,4,0
11:43:28,0,24,0
11:43:28,0,0,0
11:43:28,31,0,0
11:43:29,17,36,0
11:43:29,0,0,0
11:43:29,18,0,0
11:43:29,7,30,0
11:43:30,0,30,0
11:43:30,16,0,0
11:43:30,103,14,0
11:43:30,0,14,0
11:43:30,34,0,0
11:43:31,35,5,0
11:43:31,22,36,0
11:43:31,0,0,0
11:43:31,21,0,0
11:43:32,1,25,0
11:43:32,0,7,0
11:43:32,21,0,0
11:43:32,0,12,0
11:43:32,0,22,0
11:43:33,0,0,0
11:43:33,28,13,0
11:43:33,0,20,0
11:43:33,0,0,0
11:43:34,12,0,0
11:43:34,1,16,0
11:43:34,0,5,0
11:43:34,4,0,0
11:43:35,24,25,0
11:43:35,0,6,0
11:43:35,0,0,0
11:43:35,28,13,0
11:43:36,0,104,0
11:43:36,0,0,0
11:43:36,38,31,0
11:43:36,0,34,0
11:43:37,0,22,0
11:43:37,25,0,0
11:43:37,25,0,0
11:43:37,0,0,0
11:43:38,0,0,011:43:43,24,15,0
11:43:44,0,0,0
11:43:44,0,0,0
11:43:44,21,0,0
11:43:45,0,26,0
11:43:45,0,0,0
11:43:45,76,8,0
11:43:45,24,31,0
11:43:46,41,0,0
11:43:46,11,0,0
11:43:46,5,18,0
11:43:46,0,27,0
11:43:47,27,0,0
11:43:47,26,0,0
11:43:47,0,15,0
11:43:47,0,0,0
11:43:47,0,0,0
11:43:48,8,27,0
11:43:48,0,0,0
11:43:48,0,0,0
11:43:48,9,18,0
11:43:49,0,24,0
11:43:49,12,0,0
11:43:49,31,0,0
11:43:49,0,26,0
11:43:50,0,0,0
11:43:50,23,3,0
11:43:50,7,30,0
11:43:51,0,0,0
11:43:51,16,0,0
11:43:51,10,88,0
11:43:51,0,14,0
11:43:52,18,27,0
11:43:52,35,5,0
11:43:52,0,35,0
11:43:53,0,0,0
11:43:53,1,25,0
11:43:53,1,25,0
11:43:53,21,0,0
11:43:54,21,0,0
11:43:54,0,22,0
11:43:54,0,0,0
11:43:54,28,13,0
11:43:55,0,8,0
11:43:55,0,0,0
11:43:55,31,13,0
11:43:55,1,16,0
11:43:56,0,0,0
11:43:56,4,0,0
11:43:56,0,30,0
11:43:57,0,6,0
11:43:57,17,0,0
11:43:57,28,13,0
11:43:58,0,10,0
11:43:58,0,0,0
11:43:58,33,30,0
11:43:59,0,34,0
11:43:59,5,0,0
11:43:59,25,0,0
11:43:59,2,28,0
11:44:00,0,0,0
11:44:00,24,0,0
11:44:00,24,15,0
11:44:00,0,3,0
11:44:01,0,0,0
11:44:01,27,16,0
11:44:01,0,26,0
11:44:02,0,0,0
11:44:02,76,8,0
11:44:02,0,34,0
11:44:02,41,0,0
11:44:03,12,3,0
11:44:03,5,18,0
11:44:03,0,0,0
11:44:03,27,0,0
11:44:04,14,25,0
11:44:04,0,15,0
11:44:04,6,0,0
11:44:04,0,0,0
11:44:05,0,19,0
11:44:05,0,0,0
11:44:05,29,4,0
11:44:06,9,18,0
11:44:06,0,0,0
11:44:06,12,0,0
11:44:06,3,26,0
11:44:07,0,26,0
11:44:07,6,0,0
11:44:07,23,3,0
11:44:08,0,29,0
11:44:08,0,0,0
11:44:08,35,3,0
11:44:09,10,88,0
11:44:09,0,0,0
11:44:09,18,27,0
11:44:09,21,20,0
11:44:10,0,35,0
11:44:10,12,0,0
11:44:10,22,0,0
11:44:11,0,12,0
11:44:11,0,0,0
11:44:11,30,8,0
11:44:11,4,0,0
11:44:12,0,0,0
11:44:12,15,0,0
11:44:12,2,20,0
11:44:13,0,8,0
11:44:13,58,0,0
11:44:13,31,13,0
11:44:13,35,1,0
11:44:13,0,0,0
11:44:14,56,1,0
11:44:14,0,30,0
11:44:14,0,0,0
11:44:15,17,0,0
11:44:15,0,22,0
11:44:15,0,10,0
11:44:15,0,0,0
11:44:15,33,30,0
11:44:16,0,20,0
11:44:16,5,0,0
11:44:16,26,17,0
11:44:16,2,28,0
11:44:17,0,0,0
11:44:17,24,0,0
11:44:17,0,35,0
11:44:17,0,3,0
11:44:18,34,0,0
11:44:18,27,16,0
11:44:18,0,28,0
11:44:19,0,0,0
11:44:19,18,90,0
11:44:19,0,34,0
11:44:19,0,16,0
11:44:20,12,3,0
11:44:20,0,29,0
11:44:20,0,0,0
11:44:21,14,25,0
11:44:21,14,25,0
11:44:21,6,0,0
11:44:21,6,0,0
11:44:22,0,19,0
11:44:22,0,0,0
11:44:22,29,4,0
11:44:22,0,30,0
11:44:23,0,0,0
11:44:23,27,2,0
11:44:23,3,26,0
11:44:23,0,0,0
11:44:24,6,0,0
11:44:24,21,17,0
11:44:24,0,29,0
11:44:24,10,0,0
11:44:25,35,3,0
11:44:25,0,36,0
11:44:25,0,0,0
11:44:26,33,8,0
11:44:26,21,20,0
11:44:26,0,0,0
11:44:26,12,0,0
11:44:27,10,23,0
11:44:27,0,12,0
11:44:27,6,0,0
11:44:27,30,8,0
11:44:28,0,15,0
11:44:28,0,0,0
11:44:28,44,8,0
11:44:28,2,20,0
11:44:29,0,0,0
11:44:29,58,0,0
11:44:29,1,27,0
11:44:29,35,1,0
11:44:30,19,0,0
11:44:30,56,1,0
11:44:30,0,17,0
11:44:31,0,0,0
11:44:31,31,4,0
11:44:31,0,22,0
11:44:31,0,0,0
11:44:32,0,0,0
11:44:32,0,26,0
11:44:32,0,20,0
11:44:32,16,0,0
11:44:33,26,17,0
11:44:33,0,10,0
11:44:33,0,0,0
11:44:33,39,16,0
11:44:34,0,35,0
11:44:34,0,0,0
11:44:34,34,0,0
11:44:34,0,26,0
11:44:35,0,28,0
11:44:35,28,0,0
11:44:35,18,90,0
11:44:35,0,0,0
11:44:36,0,16,0
11:44:36,28,7,0
11:44:36,0,29,0
11:44:36,0,0,0
11:44:37,38,0,0
11:44:37,0,33,0
11:44:37,0,0,0
11:44:37,26,0,0
11:44:38,15,0,0
11:44:38,0,0,0
11:44:38,11,0,0
11:44:38,14,25,0
11:44:39,0,30,0
11:44:39,15,0,0
11:44:39,27,2,0
11:44:39,50,26,0
11:44:40,0,0,0
11:44:40,60,0,0
11:44:40,21,17,0
11:44:40,0,0,0
11:44:41,10,0,0
11:44:41,0,28,0
11:44:41,0,36,0
11:44:41,0,0,0
11:44:42,33,8,0
11:44:42,0,34,0
11:44:42,0,0,0
11:44:43,12,6,0
11:44:43,10,23,0
11:44:43,0,0,0
11:44:43,6,0,0
11:44:43,12,5,0
11:44:44,0,15,0
11:44:44,11,0,0
11:44:44,44,8,0
11:44:44,0,63,0
11:44:45,0,0,0
11:44:45,29,70,0
11:44:45,1,27,0
11:44:46,0,35,0
11:44:46,19,0,0
11:44:46,4,20,0
11:44:46,0,17,0
11:44:47,22,0,0
11:44:47,31,4,0
11:44:47,0,0,0
11:44:47,0,0,0
11:44:48,0,26,0
11:44:48,0,0,0
11:44:48,16,0,0
11:44:48,8,28,0
11:44:49,0,10,0
11:44:49,19,0,0
11:44:49,39,16,0
11:44:49,0,8,0
11:44:50,0,0,0
11:44:50,30,12,0
11:44:50,0,26,0
11:44:50,0,0,0
11:44:50,28,0,0
11:44:51,0,34,0
11:44:51,0,0,0
11:44:51,9,0,0
11:44:52,28,7,0
11:44:52,0,16,0
11:44:52,0,0,0
11:44:52,17,19,0
11:44:52,0,33,0
11:44:53,2,0,0
11:44:53,26,0,0
11:44:53,0,32,0
11:44:53,0,0,0
11:44:54,27,0,0
11:44:54,14,25,0
11:44:54,0,6,0
11:44:54,15,0,0
11:44:55,25,21,0
11:44:55,50,26,0
11:44:55,0,0,0
11:44:55,60,0,0
11:44:55,0,21,0
11:44:56,0,0,0
11:44:56,24,0,0
11:44:56,0,28,0
11:44:57,0,0,0
11:44:57,0,0,0
11:44:57,32,31,0
11:44:57,0,34,0
11:44:58,1,0,0
11:44:58,12,6,0
11:44:58,0,22,0
11:44:58,0,0,0
11:44:59,22,1,0
11:44:59,12,5,0
11:44:59,0,0,0
11:44:59,11,0,0
11:45:00,13,32,0
11:45:00,0,63,0
11:45:00,8,0,0
11:45:00,29,70,0
11:45:01,0,18,0
11:45:01,0,35,0
11:45:01,35,3,0
11:45:01,4,20,0
11:45:02,0,0,0
11:45:02,22,0,0
11:45:02,11,22,0
11:45:02,0,0,0
11:45:03,23,0,0
11:45:03,26,0,0
11:45:03,0,12,0
11:45:03,0,0,0
11:45:04,26,15,0
11:45:04,8,28,0
11:45:04,5,0,0
11:45:04,19,0,0
11:45:05,61,35,0
11:45:05,0,8,0
11:45:05,66,0,0
11:45:06,30,12,0
11:45:06,0,19,0
11:45:06,0,0,0
11:45:07,26,18,0
11:45:07,0,34,0
11:45:07,0,0,0
11:45:07,9,0,0
11:45:08,0,20,0
11:45:08,0,16,0
11:45:08,9,0,0
11:45:08,17,19,0
11:45:09,0,0,0
11:45:09,2,0,0
11:45:09,27,12,0
11:45:09,0,32,0
11:45:10,0,0,0
11:45:10,27,0,0
11:45:10,0,37,0
11:45:11,0,6,0
11:45:11,23,27,0
11:45:12,25,21,0
11:45:12,0,47,0
11:45:12,0,0,0
11:45:12,14,25,0
11:45:13,0,21,0
11:45:13,8,0,0
11:45:13,24,0,0
11:45:14,0,0,0
11:45:14,0,0,0
11:45:14,32,31,0
11:45:14,32,0,0
11:45:15,1,0,0
11:45:15,23,17,0
11:45:15,0,22,0
11:45:15,11,0,0
11:45:16,22,1,0
11:45:16,0,29,0
11:45:16,0,0,0
11:45:16,25,0,0
11:45:17,13,32,0
11:45:17,0,0,0
11:45:17,8,0,0
11:45:18,14,32,0
11:45:18,0,18,0
11:45:18,18,0,0
11:45:18,35,3,0
11:45:19,0,15,0
11:45:19,0,0,0
11:45:19,34,14,0
11:45:19,11,22,0
11:45:20,0,0,0
11:45:20,23,0,0
11:45:20,1,35,0
11:45:20,0,12,0
11:45:21,26,0,0
11:45:21,26,15,0
11:45:21,0,24,0
11:45:21,5,0,0
11:45:22,26,18,0
11:45:22,61,35,0
11:45:22,0,0,0
11:45:23,66,0,0
11:45:23,12,26,0
11:45:23,0,19,0
11:45:23,13,0,0
11:45:24,26,18,0
11:45:24,0,3,0
11:45:24,0,0,0
11:45:24,29,21,0
11:45:25,0,20,0
11:45:25,0,0,0
11:45:25,9,0,0
11:45:25,9,31,0
11:45:26,0,0,0
11:45:26,11,0,0
11:45:26,27,12,0
11:45:26,0,3,0
11:45:27,0,0,0
11:45:27,25,19,0
11:45:27,0,37,0
11:45:27,0,0,0
11:45:28,23,27,0
11:45:28,0,27,0
11:45:28,0,47,0
11:45:29,32,0,0
11:45:29,14,25,0
11:45:29,0,0,0
11:45:29,8,0,0
11:45:30,40,34,0
11:45:30,0,0,0
11:45:30,8,0,0
11:45:30,30,0,0
11:45:31,0,42,0
11:45:31,0,0,0
11:45:31,11,0,0
11:45:31,23,17,0
11:45:32,0,0,0
11:45:32,11,0,0
11:45:32,72,19,0
11:45:32,0,29,0
11:45:33,73,0,0
11:45:33,25,0,0
11:45:33,0,35,0
11:45:33,0,0,0
11:45:34,29,9,0
11:45:34,14,32,0
11:45:34,0,0,0
11:45:35,18,0,0
11:45:35,0,23,0
11:45:35,0,15,0
11:45:35,0,0,0
11:45:36,34,14,0
11:45:36,0,13,0
11:45:36,0,0,0
11:45:36,25,0,0
11:45:37,1,35,0
11:45:37,0,0,0
11:45:37,26,0,0
11:45:37,9,32,0
11:45:38,10,0,0
11:45:38,26,18,0
11:45:38,26,18,0
11:45:39,0,64,0
11:45:39,0,0,0
11:45:39,31,63,0
11:45:39,12,26,0
11:45:40,0,0,0
11:45:40,13,0,0
11:45:40,0,3,0
11:45:41,0,3,0
11:45:41,29,21,0
11:45:41,29,0,0
11:45:41,0,0,0
11:45:42,0,0,0
11:45:42,9,31,0
11:45:42,0,0,0
11:45:43,11,0,0
11:45:43,2,41,0
11:45:43,0,3,0
11:45:43,25,0,0
11:45:44,25,19,0
11:45:44,0,11,0
11:45:44,0,0,0
11:45:45,34,17,0
11:45:45,0,27,0
11:45:45,0,0,0
11:45:45,32,0,0
11:45:45,0,32,0
11:45:46,0,0,0
11:45:46,37,0,0
11:45:46,40,34,0
11:45:47,0,0,0
11:45:47,8,0,0
11:45:47,26,23,0
11:45:47,0,42,0
11:45:48,2,0,0
11:45:48,11,0,0
11:45:48,0,21,0
11:45:48,0,0,0
11:45:49,34,2,0
11:45:49,72,19,0
11:45:49,0,0,0
11:45:50,73,0,0
11:45:50,21,28,0
11:45:50,0,35,0
11:45:50,16,0,0
11:45:51,29,9,0
11:45:51,0,34,0
11:45:51,0,0,0
11:45:52,26,0,0
11:45:52,0,23,0
11:45:52,0,0,0
11:45:52,0,0,0
11:45:53,10,33,0
11:45:53,0,13,0
11:45:53,6,0,0
11:45:54,25,0,0
11:45:54,0,23,0
11:45:54,0,0,0
11:45:54,31,2,0
11:45:55,9,32,0
11:45:55,0,0,0
11:45:55,10,0,0
11:45:56,0,21,0
11:45:56,0,64,0
11:45:56,19,0,0
11:45:56,31,63,0
11:45:57,0,22,0
11:45:57,0,0,0
11:45:57,49,15,0
11:45:57,6,0,0
11:45:58,0,0,0
11:45:58,20,0,0
11:45:58,13,38,0
11:45:58,0,0,0
11:45:59,18,0,0
11:45:59,30,0,0
11:45:59,0,0,0
11:46:00,0,0,0
11:46:00,31,19,0
11:46:00,2,41,0
11:46:00,60,0,0
11:46:01,25,0,0
11:46:01,53,26,0
11:46:01,0,11,0
11:46:01,50,0,0
11:46:02,34,17,0
11:46:02,0,4,0
11:46:02,0,0,0
11:46:03,0,21,0
11:46:03,0,32,0
11:46:03,0,0,0
11:46:03,37,0,0
11:46:04,0,34,0
11:46:04,0,0,0
11:46:04,27,6,0
11:46:04,26,23,0
11:46:05,0,0,0
11:46:05,2,0,0
11:46:05,31,29,0
11:46:06,0,21,0
11:46:06,0,0,0
11:46:06,34,2,0
11:46:07,0,69,0
11:46:07,0,0,0
11:46:07,27,70,0
11:46:07,21,28,0
11:46:08,0,12,0
11:46:08,16,0,0
11:46:08,13,26,0
11:46:09,0,34,0
11:46:09,26,0,0
11:46:09,26,0,0
11:46:09,0,0,0
11:46:10,0,0,0
11:46:10,10,33,0
11:46:10,10,0,0
11:46:11,6,0,0
11:46:11,9,15,0
11:46:11,0,23,0
11:46:12,22,0,0
11:46:12,31,2,0
11:46:12,0,20,0
11:46:13,0,0,0
11:46:13,26,8,0
11:46:13,0,21,0
11:46:13,0,0,0
11:46:14,19,0,0
11:46:14,5,24,0
11:46:14,0,22,0
11:46:14,17,0,0
11:46:15,49,15,0
11:46:15,0,28,0
11:46:15,0,0,0
11:46:16,29,10,0
11:46:16,13,38,0
11:46:16,1,0,0
11:46:17,18,0,0
11:46:17,0,29,0
11:46:17,0,0,0
11:46:18,18,0,0
11:46:18,31,19,0
11:46:18,0,21,0
11:46:19,60,0,0
11:46:19,37,7,0
11:46:19,53,26,0
11:46:19,0,0,0
11:46:19,50,0,0
11:46:20,0,27,0
11:46:20,0,4,0
11:46:20,23,0,0
11:46:21,0,21,0
11:46:21,0,3,0
11:46:21,0,0,0
11:46:21,28,30,0
11:46:22,0,34,0
11:46:22,0,0,0
11:46:22,27,6,0
11:46:23,0,36,0
11:46:23,0,0,0
11:46:23,22,0,0
11:46:23,31,29,0
11:46:24,0,0,0
11:46:24,0,0,0
11:46:24,21,15,0
11:46:24,0,69,0
11:46:25,0,0,0
11:46:25,27,70,0
11:46:25,0,34,0
11:46:25,0,12,0
11:46:26,45,0,0
11:46:26,13,26,0
11:46:26,0,0,0
11:46:26,7,0,0
11:46:27,17,15,0
11:46:27,0,0,0
11:46:27,21,0,0
11:46:27,21,0,0
11:46:28,0,30,0
11:46:28,0,0,0
11:46:28,42,5,0
11:46:28,9,15,0
11:46:29,0,0,0
11:46:29,22,0,0
11:46:29,72,14,0
11:46:29,0,20,0
11:46:30,57,0,0
11:46:30,26,8,0
11:46:30,0,29,0
11:46:30,0,0,0
11:46:31,7,8,0
11:46:31,5,24,0
11:46:31,0,0,0
11:46:32,17,0,0
11:46:32,0,27,0
11:46:32,0,28,0
11:46:32,0,0,0
11:46:33,29,10,0
11:46:33,0,12,0
11:46:33,1,0,0
11:46:34,37,2,0
11:46:34,0,29,0
11:46:34,0,0,0
11:46:35,18,0,0
11:46:35,6,44,0
11:46:35,0,21,0
11:46:35,28,48,0
11:46:36,37,7,0
11:46:36,0,81,0
11:46:36,0,0,0
11:46:36,35,38,0
11:46:37,0,27,0
11:46:37,0,0,0
11:46:37,23,0,0
11:46:37,0,3,0
11:46:38,0,0,0
11:46:38,28,30,0
11:46:38,28,0,0
11:46:38,0,0,0
11:46:39,0,8,0
11:46:39,0,36,0
11:46:39,0,0,0
11:46:40,22,0,0
11:46:40,0,35,0
11:46:40,0,0,0
11:46:40,23,0,0
11:46:41,21,15,0
11:46:41,0,0,0
11:46:41,0,0,0
11:46:41,25,22,0
11:46:42,0,34,0
11:46:42,7,0,0
11:46:42,45,0,0
11:46:42,0,22,0
11:46:43,0,0,0
11:46:43,29,0,0
11:46:43,17,15,0
11:46:43,0,0,0
11:46:44,21,0,0
11:46:44,29,37,0
11:46:44,0,30,0
11:46:44,11,0,0
11:46:45,42,5,0
11:46:45,0,24,0
11:46:45,0,0,0
11:46:45,25,1,0
11:46:46,72,14,0
11:46:46,0,0,0
11:46:46,57,0,0
11:46:47,5,21,0
11:46:47,0,29,0
11:46:47,17,0,0
11:46:47,7,8,0
11:46:48,0,31,0
11:46:48,0,0,0
11:46:48,36,2,0
11:46:48,0,27,0
11:46:49,0,0,0
11:46:49,0,0,0
11:46:49,1,23,0
11:46:49,0,12,0
11:46:50,23,0,0
11:46:50,37,2,0
11:46:50,0,25,0
11:46:50,0,0,0
11:46:51,33,21,0
11:46:51,6,44,0
11:46:51,0,0,0
11:46:51,28,48,0
11:46:52,0,37,0
11:46:52,0,81,0
11:46:52,31,0,0
11:46:53,35,38,0
11:46:53,0,10,0
11:46:53,0,0,0
11:46:53,29,18,0
11:46:54,0,0,0
11:46:54,5,0,0
11:46:54,17,0,0
11:46:54,0,33,0
11:46:55,0,0,0
11:46:55,29,0,0
11:46:55,27,8,0
11:46:55,0,9,0
11:46:56,0,0,0
11:46:56,66,29,0
11:46:56,0,35,0
11:46:56,61,0,0
11:46:57,23,0,0
11:46:57,13,37,0
11:46:57,0,0,0
11:46:58,25,0,0
11:46:58,25,22,0
11:46:58,0,0,0
11:46:58,7,0,0
11:46:59,0,20,0
11:46:59,0,22,0
11:46:59,0,0,0
11:46:59,29,0,0
11:47:00,0,33,0
11:47:00,0,0,0
11:47:01,34,0,0
11:47:01,29,37,0
11:47:01,0,0,0
11:47:01,11,0,0
11:47:02,16,32,0
11:47:02,0,24,0
11:47:02,9,2,0
11:47:02,25,1,0
11:47:03,0,74,0
11:47:03,0,0,0
11:47:03,29,45,0
11:47:03,5,21,0
11:47:04,0,0,0
11:47:04,17,0,0
11:47:04,16,8,0
11:47:05,0,31,0
11:47:05,36,2,0
11:47:05,36,0,0
11:47:05,0,0,0
11:47:06,0,2,0
11:47:06,1,23,0
11:47:06,0,0,0
11:47:06,23,0,0
11:47:07,8,27,0
11:47:07,0,25,0
11:47:07,18,0,0
11:47:07,33,21,0
11:47:08,0,26,0
11:47:08,0,0,0
11:47:08,25,9,0
11:47:08,0,37,0
11:47:09,0,0,0
11:47:09,31,0,0
11:47:09,0,34,0
11:47:09,0,10,0
11:47:10,19,0,0
11:47:10,29,18,0
11:47:10,0,12,0
11:47:10,5,0,0
11:47:11,35,19,0
11:47:11,0,33,0
11:47:11,0,0,0
11:47:11,29,0,0
11:47:12,0,37,0
11:47:12,0,9,0
11:47:12,26,0,0
11:47:12,66,29,0
11:47:13,0,0,0
11:47:13,61,0,0
11:47:13,34,29,0
11:47:14,13,37,0
11:47:14,9,0,0
11:47:14,25,0,0
11:47:14,0,34,0
11:47:15,0,0,0
11:47:15,24,0,0
11:47:15,0,20,0
11:47:15,0,0,0
11:47:15,0,0,0
11:47:16,40,15,0
11:47:16,0,33,0
11:47:16,9,0,0
11:47:16,34,0,0
11:47:17,0,19,0
11:47:17,0,0,0
11:47:17,30,0,0
11:47:17,16,32,0
11:47:18,0,0,0
11:47:18,9,2,0
11:47:18,19,33,0
11:47:18,0,74,0
11:47:19,16,0,0
11:47:19,29,45,0
11:47:19,0,31,0
11:47:19,0,0,0
11:47:20,30,3,0
11:47:20,16,8,0
11:47:20,0,0,0
11:47:20,12,0,0
11:47:21,13,29,0
11:47:21,0,0,0
11:47:21,14,0,0
11:47:21,30,2,0
11:47:22,0,18,0
11:47:22,0,0,0
11:47:22,51,14,0
11:47:22,8,27,0
11:47:23,35,0,0
11:47:23,18,0,0
11:47:23,63,26,0
11:47:23,0,26,0
11:47:24,23,0,0
11:47:24,25,9,0
11:47:24,0,17,0
11:47:24,0,0,0
11:47:25,0,7,0
11:47:25,0,34,0
11:47:25,0,0,0
11:47:26,19,0,0
11:47:26,0,25,0
11:47:26,0,12,0
11:47:26,12,0,0
11:47:27,35,19,0
11:47:27,0,0,0
11:47:27,0,0,0
11:47:28,38,29,0
11:47:28,0,37,0
11:47:28,1,0,0
11:47:28,26,0,0
11:47:29,0,92,0
11:47:29,0,0,0
11:47:29,31,64,0
11:47:29,34,29,0
11:47:30,0,40,0
11:47:30,9,0,0
11:47:30,33,25,0
11:47:30,0,34,0
11:47:31,24,0,0
11:47:31,24,0,0
11:47:31,0,0,0
11:47:31,0,0,0
11:47:32,40,15,0
11:47:32,40,0,0
11:47:32,9,0,0
11:47:32,37,25,0
11:47:33,0,19,0
11:47:33,0,0,0
11:47:33,30,0,0
11:47:33,0,22,0
11:47:34,0,0,0
11:47:34,34,0,0
11:47:34,19,33,0
11:47:34,0,0,0
11:47:35,16,0,0
11:47:35,14,25,0
11:47:35,0,31,0
11:47:35,16,0,0
11:47:36,30,3,0
11:47:36,0,23,0
11:47:36,0,0,0
11:47:36,24,0,0
11:47:36,13,29,0
11:47:37,0,0,0
11:47:37,14,0,0
11:47:37,5,27,0
11:47:38,0,18,0
11:47:38,14,0,0
11:47:38,51,14,0
11:47:38,0,21,0
11:47:39,35,0,0
11:47:39,39,0,0
11:47:39,63,26,0
11:47:39,0,0,0
11:47:40,23,0,0
11:47:40,9,34,0
11:47:40,0,17,0
11:47:40,16,0,0
11:47:41,0,7,0
11:47:41,0,11,0
11:47:41,0,0,0
11:47:41,25,21,0
11:47:42,0,25,0
11:47:42,0,0,0
11:47:42,12,0,0
11:47:42,0,41,0
11:47:43,0,0,0
11:47:43,24,0,0
11:47:43,38,29,0
11:47:43,0,9,0
11:47:44,1,0,0
11:47:44,25,2,0
11:47:44,0,92,0
11:47:44,0,0,0
11:47:45,31,64,0
11:47:45,0,33,0
11:47:45,0,40,0
11:47:45,26,0,0
11:47:45,33,25,0
11:47:46,0,3,0
11:47:46,10,0,0
11:47:46,21,19,0
11:47:46,0,0,0
11:47:46,12,0,0
11:47:47,26,0,0
11:47:47,0,31,0
11:47:47,0,0,0
11:47:47,27,0,0
11:47:48,37,25,0
11:47:48,34,0,0
11:47:48,0,0,0
11:47:48,96,24,0
11:47:48,0,22,0
11:47:49,29,0,0
11:47:49,34,0,0
11:47:49,0,25,0
11:47:49,0,0,0
11:47:49,0,3,0
11:47:50,14,25,0
11:47:50,0,0,0
11:47:50,16,0,0
11:47:51,0,28,0
11:47:51,0,23,0
11:47:51,10,0,0
11:47:51,24,0,0
11:47:51,0,18,0
11:47:52,0,0,0
11:47:52,28,8,0
11:47:52,5,27,0
11:47:52,0,0,0
11:47:52,14,0,0
11:47:53,11,74,0
11:47:53,0,21,0
11:47:53,28,51,0
11:47:53,39,0,0
11:47:54,0,42,0
11:47:54,0,0,0
11:47:54,39,14,0
11:47:54,9,34,0
11:47:54,16,0,0
11:47:55,16,0,0
11:47:55,0,11,0
11:47:55,0,0,0
11:47:55,25,21,0
11:47:55,0,3,0
11:47:56,0,0,0
11:47:56,23,13,0
11:47:56,0,41,0
11:47:56,7,0,0
11:47:57,24,0,0
11:47:57,0,46,0
11:47:57,0,9,0
11:47:57,20,0,0
11:47:57,25,2,0
11:47:58,0,5,0
11:47:58,0,0,0
11:47:58,27,17,0
11:47:58,0,33,0
11:47:58,0,0,0
11:47:59,26,0,0
11:47:59,0,35,0
11:47:59,0,3,0
11:47:59,27,3,0
11:48:00,21,19,0
11:48:00,0,0,0
11:48:00,12,0,0
11:48:00,21,31,0
11:48:00,0,31,0
11:48:01,4,0,0
11:48:01,27,0,0
11:48:01,0,22,0
11:48:01,34,0,0
11:48:01,26,0,0
11:48:02,96,24,0
11:48:02,0,0,0
11:48:02,29,0,0
11:48:02,23,29,0
11:48:02,0,25,0
11:48:03,16,0,0
11:48:03,0,3,0
11:48:03,0,16,0
11:48:03,0,0,0
11:48:04,31,8,0
11:48:04,0,28,0
11:48:04,0,0,0
11:48:04,10,0,0