time,ir,red,hr,spo2,temp

162621510,8571,3779,null,0,0
162621531,8469,3786,null,0,0
162621551,8500,3753,null,0,0
162621572,8500,3753,null,0,0
162621609,8500,3753,null,0,0
162621631,8536,3880,null,0,0
162621650,8515,3868,null,0,0
162621671,8515,3868,null,0,0
162621711,8515,3868,null,0,0
162621731,8580,3904,null,0,0
162621752,8569,3907,null,0,0
162621771,8569,3907,null,0,0
162621809,8569,3907,null,0,0
162621832,8596,3895,null,0,0
162621850,8581,3879,null,0,0
162621872,1929,500,null,0,0
162621913,8540,3840,null,0,0
162621932,4804,2077,null,0,0
162621953,8542,3791,null,0,0
162621972,8542,3791,null,0,0
162621990,8542,3791,null,0,0
162622028,8547,3862,null,0,0
162622137,8441,3739,null,0,0
162622161,8441,3739,null,0,0
162622186,8441,3739,null,0,0
162622217,8619,3932,null,0,0
162622273,8377,3809,null,0,0
162622297,8377,3809,null,0,0
162622323,8377,3809,null,0,0
162622370,8630,3910,null,0,0
162622395,8458,3912,null,0,0
162622420,8458,3912,null,0,0
162622443,8458,3912,null,0,0
162622485,8598,3866,null,0,0
162622509,8508,3895,null,0,0
162622532,8508,3895,null,0,0
162622557,8508,3895,null,0,0
162622601,8561,3789,null,0,0
162622624,8493,3829,null,0,0
162622645,8493,3829,null,0,0
162622668,8493,3829,null,0,0
162622710,8480,3816,null,0,0
162622731,8410,3735,null,0,0
162622755,8410,3735,null,0,0
162622776,8410,3735,null,0,0
162622819,8583,3913,null,0,0
162622842,8419,3804,null,0,0
162622863,8419,3804,null,0,0
162622887,8419,3804,null,0,0
162622930,8634,3912,null,0,0
162622953,8546,3862,null,0,0
162622974,8546,3862,null,0,0
162622997,8546,3862,null,0,0
162623041,8604,3893,null,0,0
162623062,8554,3817,null,0,0
162623085,8554,3817,null,0,0
162623107,8554,3817,null,0,0
162623150,8565,3847,null,0,0
162623173,8527,3762,null,0,0
162623194,8527,3762,null,0,0
162623218,8527,3762,null,0,0
162623260,8558,3904,null,0,0
162623282,8405,3738,null,0,0
162623305,8405,3738,null,0,0
162623328,8405,3738,null,0,0
162623370,8639,3978,null,0,0
162623391,8384,3784,null,0,0
162623414,8384,3784,null,0,0
162623435,8384,3784,null,0,0
162623478,8686,3965,null,0,0
162623501,8474,3858,null,0,0
162623521,8474,3858,null,0,0
162623544,8474,3858,null,0,0
162623586,8676,3926,null,0,0
162623607,8525,3825,null,0,0
162623630,8525,3825,null,0,0
162623651,8525,3825,null,0,0
162623695,8543,3823,null,0,0
162623716,8452,3756,null,0,0
162623739,8452,3756,null,0,0
162623759,8452,3756,null,0,0
162623801,8514,3833,null,0,0
162623825,8380,3714,null,0,0
162623845,8380,3714,null,0,0
162623868,8380,3714,null,0,0
162623910,8605,3952,null,0,0
162623931,8408,3852,null,0,0
162623954,8408,3852,null,0,0
162623975,8408,3852,null,0,0
162624017,8665,3920,null,0,0
162624039,8495,3926,null,0,0
162624063,8495,3926,null,0,0
162624083,8495,3926,null,0,0
162624126,8659,3868,null,0,0
162624149,8519,3857,null,0,0
162624170,8519,3857,null,0,0
162624193,8519,3857,null,0,0
162624243,8615,3800,null,0,0
162624272,8519,3773,null,0,0
162624313,8519,3773,null,0,0
162624356,8554,3867,null,0,0
162624377,8433,3709,null,0,0
162624400,8433,3709,null,0,0
162624420,8433,3709,null,0,0
162624462,8661,3946,null,0,0
162624485,8431,3807,null,0,0
162624512,8431,3807,null,0,0
162624533,8431,3807,null,0,0
162624575,8727,3975,null,0,0
162624598,8527,3879,null,0,0
162624619,8527,3879,null,0,0
162624642,8527,3879,null,0,0
162624684,8564,3873,null,0,0
162624706,8564,3873,null,0,0
162624730,8564,3873,null,0,0
162624751,8729,3891,null,0,0
162624793,1929,500,null,0,0
162624817,8502,3732,null,0,0
162624840,8431,3840,null,0,0
162624861,8431,3840,null,0,0
162624903,8519,3857,null,0,0
162624927,8571,3898,null,0,0
162624948,8571,3898,null,0,0
162624971,8571,3898,null,0,0
162625013,8519,3773,null,0,0
162625035,8566,3859,null,0,0
162625058,8566,3859,null,0,0
162625079,8480,3816,null,0,0
162625121,8410,3735,null,0,0
162625145,8916,4104,null,0,0
162625166,8567,3827,null,0,0
162625189,8613,3829,null,0,0
162625231,8455,3752,null,0,0
162625256,8455,3752,null,0,0
162625276,8743,3954,null,0,0
162625299,8469,3786,null,0,0
162625343,8469,3786,null,0,0
162625366,8715,4023,null,0,0
162625389,8536,3880,null,0,0
162625410,8536,3880,null,0,0
162625453,8536,3880,null,0,0
162625477,8740,3962,null,0,0
162625497,8580,3904,null,0,0
162625520,8580,3904,null,0,0
162625562,8708,3948,null,0,0
162625586,8596,3895,null,0,0
162625607,8596,3895,null,0,0
162625630,8596,3895,null,0,0
162625672,8659,3863,null,0,0
162625693,8563,3805,null,0,0
162625716,8563,3805,null,0,0
162625737,8563,4004,null,0,0
162625779,8547,3862,null,0,0
162625802,8547,3862,null,0,0
162625823,8547,3862,null,0,0
162625846,8829,4067,null,0,0
162625888,8619,3932,null,0,0
162625910,8619,3932,null,0,0
162625932,8619,3932,null,0,0
162625955,8827,3943,null,0,0
162625997,8630,3910,null,0,0
162626018,8630,3910,null,0,0
162626040,8783,3971,null,0,0
162626061,8598,3866,null,0,0
162626103,8598,3866,null,0,0
162626127,8727,3917,null,0,0
162626148,8561,3789,null,0,0
162626171,8561,3789,null,0,0
162626213,8561,3789,null,0,0
162626234,8738,4021,null,0,0
162626257,8480,3816,null,0,0
162626277,8480,3816,null,0,0
162626321,8480,3816,null,0,0
162626343,8839,3990,null,0,0
162626368,8583,3913,null,0,0
162626399,8583,3913,null,0,0
162626452,8834,4011,null,0,0
162626482,8634,3912,null,0,0
162626502,8634,3912,null,0,0
162626526,8634,3912,null,0,0
162626568,8604,3893,null,0,0
162626590,8604,3893,null,0,0
162626613,8604,3893,null,0,0
162626634,8744,3966,null,0,0
162626676,8565,3847,null,0,0
162626699,8565,3847,null,0,0
162626721,8565,3847,null,0,0
162626742,8558,3904,null,0,0
162626783,8558,3904,null,0,0
162626810,8558,3904,null,0,0
162626831,8892,4112,null,0,0
162626854,8639,3978,null,0,0
162626894,8639,3978,null,0,0
162626935,8639,3978,null,0,0
162626957,8889,3999,null,0,0
162627009,8835,3939,null,0,0
162627033,8676,3926,null,0,0
162627054,8676,3926,null,0,0
162627078,8676,3926,null,0,0
162627124,8774,3922,null,0,0
162627146,8543,3823,null,0,0
162627173,8543,3823,null,0,0
162627197,8543,4043,null,0,0
162627236,8514,3833,null,0,0
162627256,8514,3833,null,0,0
162627279,8514,3833,null,0,0
162627298,8883,4073,null,0,0
162627337,8901,4039,null,0,0
162627360,8836,3957,null,0,0
162627379,8777,3952,null,0,0
162627400,8815,4059,null,0,0
162627440,8937,4100,null,0,0
162627459,8955,4071,null,0,0
162627480,8920,4005,null,0,0
162627499,8864,3980,null,0,0
162627538,8892,4052,null,0,0
162627559,9002,4132,null,0,0
162627578,8997,4086,null,0,0
162627597,8954,4019,null,0,0
162627618,8877,3997,null,0,0
162627656,8898,4077,null,0,0
162627677,8989,4122,null,0,0
162627698,8999,4104,null,0,0
162627717,8975,4041,null,0,0
162627756,8912,4013,null,0,0
162627777,8916,4104,null,0,0
162627796,9018,4167,null,0,0
162627817,9065,4144,null,0,0
162627836,1929,500,null,0,0
162627874,8493,3829,null,0,0
162627896,8503,3853,null,0,0
162627914,8503,3735,null,0,0
162627936,8428,3771,null,0,0
162627955,8428,3771,null,0,0
162627992,8553,3823,null,0,0
162628012,8553,3823,null,0,0
162628033,8405,3738,null,0,0
162628052,8619,3932,null,0,0
162628092,8377,3809,null,0,0
162628117,9118,4137,null,0,0
162628136,8987,4059,null,0,0
162628166,9007,4144,null,0,0
162628211,9117,4193,null,0,0
162628231,9150,4177,null,0,0
162628252,9090,4108,null,0,0
162628271,9039,4058,null,0,0
162628310,9005,4134,null,0,0
162628331,9080,4189,null,0,0
162628350,9106,4161,null,0,0
162628371,9096,4121,null,0,0
162628389,9017,4112,null,0,0
162628427,9017,4141,null,0,0
162628446,9113,4202,null,0,0
162628467,9145,4178,null,0,0
162628486,9118,4137,null,0,0
162628507,9053,4032,null,0,0
162628546,9064,4164,null,0,0
162628567,9157,4232,null,0,0
162628588,9208,4220,null,0,0
162628607,9176,4171,null,0,0
162628649,9129,4164,null,0,0
162628671,9105,4185,null,0,0
162628689,9189,4250,null,0,0
162628711,9240,4217,null,0,0
162628730,9187,4171,null,0,0
162628772,9078,4167,null,0,0
162628792,9147,4227,null,0,0
162628815,9197,4225,null,0,0
162628834,9161,4158,null,0,0
162628873,9092,4119,null,0,0
162628898,9067,4102,null,0,0
162628917,9129,4136,null,0,0
162628938,9074,4094,null,0,0
162628980,9030,4105,null,0,0
162629000,9108,4112,null,0,0
162629022,9091,4106,null,0,0
162629041,9029,4095,null,0,0
162629080,9132,4181,null,0,0
162629101,9114,4115,null,0,0
162629120,9214,4239,null,0,0
162629142,9152,4139,null,0,0
162629160,9084,4121,null,0,0
162629199,9217,4268,null,0,0
162629219,9173,4144,null,0,0
162629239,9117,4155,null,0,0
162629258,9323,4251,null,0,0
162629280,9209,4177,null,0,0
162629318,9152,4158,null,0,0
162629338,9294,4266,null,0,0
162629359,9255,4199,null,0,0
162629378,9170,4156,null,0,0
162629419,9293,4271,null,0,0
162629445,9261,4197,null,0,0
162629470,9228,4186,null,0,0
162629523,9356,4371,null,0,0
162629545,9406,4318,null,0,0
162629563,9360,4256,null,0,0
162629585,9473,4380,null,0,0
162629603,9458,4356,null,0,0
162629642,9450,4353,null,0,0
162629661,9454,4369,null,0,0
162629682,9434,4298,null,0,0
162629700,9461,4387,null,0,0
162629721,9500,4380,null,0,0
162629760,9472,4330,null,0,0
162629780,9435,4352,null,0,0
162629801,9494,4373,null,0,0
162629820,9458,4331,null,0,0
162629860,9427,4416,null,0,0
162629881,9515,4384,null,0,0
162629901,9475,4330,null,0,0
162629922,9483,4422,null,0,0
162629941,9536,4402,null,0,0
162629983,9505,4427,null,0,0
162630006,9547,4418,null,0,0
162630025,9517,4344,null,0,0
162630047,9506,4409,null,0,0
162630084,9556,4418,null,0,0
162630105,9515,4373,null,0,0
162630124,9430,4386,null,0,0
162630145,9503,4435,null,0,0
162630164,9566,4427,null,0,0
162630203,9494,4324,null,0,0
162630224,9521,4430,null,0,0
162630243,9576,4433,null,0,0
162630264,9448,4390,null,0,0
162630283,9516,4447,null,0,0
162630322,9565,4470,null,0,0
162630343,9640,4469,null,0,0
162630363,9545,4339,null,0,0
162630384,9595,4474,null,0,0
162630403,9691,4488,null,0,0
162630442,9593,4412,null,0,0
162630461,9646,4514,null,0,0
162630494,9710,4507,null,0,0
162630561,9533,4369,null,0,0
162630581,1929,500,null,0,0
162630608,8581,3805,null,0,0
162630647,8542,3791,null,0,0
162630666,8727,3975,null,0,0
162630687,8527,3879,null,0,0
162630706,8527,3879,null,0,0
162630745,9510,4341,null,0,0
162630767,9481,4320,null,0,0
162630785,9372,4355,null,0,0
162630807,9475,4319,null,0,0
162630826,9393,4281,null,0,0
162630864,9373,4359,null,0,0
162630884,9452,4321,null,0,0
162630904,9387,4275,null,0,0
162630923,9629,4477,null,0,0
162630944,9486,4345,null,0,0
162630982,9515,4440,null,0,0
162631003,9505,4359,null,0,0
162631026,9525,4448,null,0,0
162631045,9612,4481,null,0,0
162631083,9485,4337,null,0,0
162631104,9464,4321,null,0,0
162631123,9484,4404,null,0,0
162631144,9510,4341,null,0,0
162631162,9481,4320,null,0,0
162631200,9503,4426,null,0,0
162631221,9595,4428,null,0,0
162631240,9528,4362,null,0,0
162631261,9502,4444,null,0,0
162631280,9581,4369,null,0,0
162631318,9482,4323,null,0,0
162631337,9441,4318,null,0,0
162631357,9384,4279,null,0,0
162631376,9372,4355,null,0,0
162631396,9475,4319,null,0,0
162631434,9393,4281,null,0,0
162631454,9373,4359,null,0,0
162631480,9452,4321,null,0,0
162631509,9387,4275,null,0,0
162631565,9409,4378,null,0,0
162631586,9469,4334,null,0,0
162631605,9408,4281,null,0,0
162631626,9377,4356,null,0,0
162631644,9493,4370,null,0,0
162631683,9449,4323,null,0,0
162631702,9430,4372,null,0,0
162631722,9412,4405,null,0,0
162631741,9358,4312,null,0,0
162631762,9328,4259,null,0,0
162631800,9501,4367,null,0,0
162631819,9405,4333,null,0,0
162631840,9361,4256,null,0,0
162631858,9462,4379,null,0,0
162631879,9427,4333,null,0,0
162631916,9445,4382,null,0,0
162631935,9434,4346,null,0,0
162631956,9389,4278,null,0,0
162631974,9336,4370,null,0,0
162631996,9431,4394,null,0,0
162632033,9415,4323,null,0,0
162632053,9376,4358,null,0,0
162632072,9427,4383,null,0,0
162632093,9409,4340,null,0,0
162632112,9347,4310,null,0,0
162632150,9426,4379,null,0,0
162632171,9428,4342,null,0,0
162632191,9356,4366,null,0,0
162632212,9439,4391,null,0,0
162632230,9332,4316,null,0,0
162632269,9426,4402,null,0,0
162632291,9428,4359,null,0,0
162632309,9370,4296,null,0,0
162632338,9262,4375,null,0,0
162632403,9410,4389,null,0,0
162632423,9426,4371,null,0,0
162632444,9338,4341,null,0,0
162632462,9411,4388,null,0,0
162632501,9430,4361,null,0,0
162632523,9288,4344,null,0,0
162632541,9389,4377,null,0,0
162632560,9409,4346,null,0,0
162632581,9318,4344,null,0,0
162632619,9397,4387,null,0,0
162632638,9432,4359,null,0,0
162632659,9318,4297,null,0,0
162632678,9301,4335,null,0,0
162632699,9396,4392,null,0,0
162632738,9310,4264,null,0,0
162632757,9260,4307,null,0,0
162632778,9290,4221,null,0,0
162632796,9306,4304,null,0,0
162632817,9400,4385,null,0,0
162632856,9322,4269,null,0,0
162632875,9298,4311,null,0,0
162632895,9387,4386,null,0,0
162632914,9351,4265,null,0,0
162632933,9343,4309,null,0,0
162632970,9360,4274,null,0,0
162632992,9326,4260,null,0,0
162633010,9339,4254,null,0,0
162633031,9274,4289,null,0,0
162633050,9315,4252,null,0,0
162633089,9275,4265,null,0,0
162633110,9374,4367,null,0,0
162633129,9392,4288,null,0,0
162633152,9356,4313,null,0,0
162633219,9541,4423,null,0,0
162633238,9528,4351,null,0,0
162633259,9483,4377,null,0,0
162633278,9587,4490,null,0,0
162633316,9598,4401,null,0,0
162633335,9640,4469,null,0,0
162633355,1929,500,null,0,0
162633374,8567,3827,null,0,0
162633395,8567,3827,null,0,0
162633433,8613,3829,null,0,0
162633452,8455,3752,null,0,0
162633472,9547,4418,null,0,0
162633491,9517,4344,null,0,0
162633512,9506,4409,null,0,0
162633550,9556,4418,null,0,0
162633569,10258,4840,null,0,0
162633590,9497,4378,null,0,0
162633609,9602,4439,null,0,0
162633629,9561,4389,null,0,0
162633667,9485,4365,null,0,0
162633686,9562,4421,null,0,0
162633705,9491,4345,null,0,0
162633726,9475,4378,null,0,0
162633744,9872,4592,null,0,0
162633783,9847,4551,null,0,0
162633804,9976,4652,null,0,0
162633822,10147,4774,null,0,0
162633843,10202,4756,null,0,0
162633862,10262,4856,null,0,0
162633899,10348,4865,null,0,0
162633920,10310,4834,null,0,0
162633939,10340,4914,null,0,0
162633964,10212,4794,null,0,0
162634024,10192,4823,null,0,0
162634043,10282,4891,null,0,0
162634064,10235,4859,null,0,0
162634083,10207,4754,null,0,0
162634122,10208,4820,null,0,0
162634141,10280,4886,null,0,0
162634161,10311,4925,null,0,0
162634180,10277,4818,null,0,0
162634201,10198,4761,null,0,0
162634239,10258,4924,null,0,0
162634258,10301,4870,null,0,0
162634279,10210,4855,null,0,0
162634297,10278,4885,null,0,0
162634318,10315,4882,null,0,0
162634356,10245,4874,null,0,0
162634375,10230,4739,null,0,0
162634396,10159,4774,null,0,0
162634415,10207,4855,null,0,0
162634436,10282,4793,null,0,0
162634473,10223,4782,null,0,0
162634492,10176,4767,null,0,0
162634511,10256,4824,null,0,0
162634532,10200,4762,null,0,0
162634551,10136,4751,null,0,0
162634589,10224,4851,null,0,0
162634632,10218,4811,null,0,0
162634653,10188,4748,null,0,0
162634691,10146,4827,null,0,0
162634711,10246,4869,null,0,0
162634740,10256,4835,null,0,0
162634764,10108,4752,null,0,0
162634809,10137,4815,null,0,0
162634831,10208,4838,null,0,0
162634849,10149,4748,null,0,0
162634870,10113,4722,null,0,0
162634889,10119,4822,null,0,0
162634927,10211,4809,null,0,0
162634946,10175,4769,null,0,0
162634967,10108,4721,null,0,0
162634986,10204,4849,null,0,0
162635007,10206,4819,null,0,0
162635046,10162,4751,null,0,0
162635065,10114,4799,null,0,0
162635085,10215,4859,null,0,0
162635103,10239,4837,null,0,0
162635124,10196,4756,null,0,0
162635162,10205,4853,null,0,0
162635181,10284,4886,null,0,0
162635202,10244,4798,null,0,0
162635221,10170,4733,null,0,0
162635242,10258,4840,null,0,0
162635280,10215,4778,null,0,0
162635299,10130,4716,null,0,0
162635319,10155,4810,null,0,0
162635341,10140,4769,null,0,0
162635379,10108,4710,null,0,0
162635400,10005,4718,null,0,0
162635420,10010,4716,null,0,0
162635439,9863,4631,null,0,0
162635477,9510,4393,null,0,0
162635502,9300,4351,null,0,0
162635530,9094,4213,null,0,0
162635558,9032,4139,null,0,0
162635596,9022,4217,null,0,0
162635615,9095,4260,null,0,0
162635637,9030,4199,null,0,0
162635655,9006,4181,null,0,0
162635693,8648,4195,null,0,0
162635713,8641,4151,null,0,0
162635734,8383,4075,null,0,0
162635753,8294,4149,null,0,0
162635774,8320,4161,null,0,0
162635812,8250,4174,null,0,0
162635851,8008,4232,null,0,0
162635870,7882,4363,null,0,0
162635891,7508,4344,null,0,0
162635933,7359,4331,null,0,0
162635954,7225,4377,null,0,0
162635975,7233,4606,null,0,0
162635998,7039,4637,null,0,0
162636036,6834,5005,null,0,0
162636057,1929,500,null,0,0
162636076,9052,4089,null,0,0
162636095,8987,4059,null,0,0
162636116,10137,4815,null,0,0
162636155,10208,4838,null,0,0
162636174,59100,55083,null,0,0
162636195,6951,5038,null,0,0
162636214,6885,4991,null,0,0
162636253,6969,5135,null,0,0
162636274,7027,5179,null,0,0
162636294,6894,5056,null,0,0
162636319,6816,5085,null,0,0
162636365,6843,5259,null,0,0
162636385,7123,5397,null,0,0
162636406,7151,5367,null,0,0
162636426,7123,5408,null,0,0
162636464,7423,5677,null,0,0
162636484,7415,5682,null,0,0
162636505,7416,5688,null,0,0
162636524,7490,6034,null,0,0
162636545,7659,6162,null,0,0
162636584,7708,6218,null,0,0
162636604,7655,6345,null,0,0
162636624,7725,6534,null,0,0
162636644,7939,6790,null,0,0
162636682,7966,6923,null,0,0
162636704,8086,7198,null,0,0
162636722,8535,7595,null,0,0
162636744,8605,7845,null,0,0
162636763,8836,8286,null,0,0
162636802,9730,9568,null,0,0
162636824,10312,10376,null,0,0
162636843,10972,11248,null,0,0
162636862,12952,13950,null,0,0
162636883,14569,15916,null,0,0
162636922,16584,18205,null,0,0
162636941,20947,22534,null,0,0
162636962,41723,41175,null,0,0
162636980,44717,43591,null,0,0
162637001,45494,44214,null,0,0
162637039,46313,44875,null,0,0
162637058,48004,46235,null,0,0
162637082,48877,46979,null,0,0
162637101,49790,47723,null,0,0
162637146,51074,48927,null,0,0
162637167,51730,49448,null,0,0
162637186,53241,50460,null,0,0
162637207,53619,50740,null,0,0
162637225,54020,51074,null,0,0
162637263,54764,51764,null,0,0
162637283,55255,52095,null,0,0
162637303,55561,52348,null,0,0
162637322,55988,52717,null,0,0
162637343,57206,53665,null,0,0
162637381,57245,53663,null,0,0
162637400,57236,53622,null,0,0
162637421,56935,53307,null,0,0
162637439,56811,53074,null,0,0
162637460,56766,53025,null,0,0
162637498,57375,53415,null,0,0
162637517,58062,53712,null,0,0
162637537,57849,53262,null,0,0
162637556,57195,52632,null,0,0
162637576,56954,52295,null,0,0
162637612,55827,51337,null,0,0
162637634,55417,50883,null,0,0
162637652,55033,50533,null,0,0
162637673,55104,50527,null,0,0
162637692,55128,50495,null,0,0
162637729,55082,50442,null,0,0
162637750,55078,50417,null,0,0
162637769,54939,50334,null,0,0
162637790,55147,50519,null,0,0
162637808,55307,50774,null,0,0
162637850,55432,50879,null,0,0
162637878,55526,50884,null,0,0
162637897,55614,51054,null,0,0
162637918,56745,52026,null,0,0
162637957,57380,52693,null,0,0
162637976,57822,52978,null,0,0
162637995,58396,53538,null,0,0
162638015,58484,53666,null,0,0
162638034,58866,54121,null,0,0
162638072,58713,54100,null,0,0
162638094,58845,54268,null,0,0
162638112,58470,54069,null,0,0
162638133,58134,53882,null,0,0
162638152,57725,53541,null,0,0
162638190,56632,52868,null,0,0
162638211,56122,52538,null,0,0
162638230,55467,52115,null,0,0
162638251,56269,52847,null,0,0
162638270,57901,54223,null,0,0
162638308,58233,54455,null,0,0
162638330,59100,55083,null,0,0
162638348,59280,55202,null,0,0
162638367,59332,55237,null,0,0
162638407,59086,54976,null,0,0
162638428,58749,54694,null,0,0
162638446,58540,54546,null,0,0
162638467,57269,53610,null,0,0
162638486,57057,53295,null,0,0
162638524,56263,52656,null,0,0
162638545,56098,52508,null,0,0
162638564,1929,500,null,0,0
162638588,9555,4451,null,0,0
162638634,9347,4310,null,0,0
162638653,9426,4379,null,0,0
162638674,9428,4342,null,0,0
162638693,54939,50334,null,0,0
162638731,55872,52295,null,0,0
162638750,55904,52378,null,0,0
162638771,56048,52522,null,0,0
162638790,56256,52610,null,0,0
162638811,56245,52679,null,0,0
162638849,56367,52827,null,0,0
162638869,56503,52875,null,0,0
162638890,56455,52823,null,0,0
162638910,56088,52650,null,0,0
162638949,56327,52794,null,0,0
162638971,56515,52929,null,0,0
162638994,57112,53449,null,0,0
162639015,57443,53724,null,0,0
162639055,57809,54024,null,0,0
162639075,58372,54480,null,0,0
162639096,58654,54719,null,0,0
162639115,58939,54963,null,0,0
162639134,59221,55180,null,0,0
162639173,59314,55247,null,0,0
162639194,59655,55570,null,0,0
162639213,60402,56249,null,0,0
162639234,60713,56510,null,0,0
162639253,60987,56711,null,0,0
162639292,61252,56933,null,0,0
162639314,61286,56983,null,0,0
162639332,61218,56928,null,0,0
162639357,61165,56838,null,0,0
162639403,61131,56846,null,0,0
162639422,61092,56845,null,0,0
162639443,61137,56821,null,0,0
162639462,61179,56863,null,0,0
162639502,61366,57020,null,0,0
162639521,60618,56425,null,0,0
162639542,60513,56347,null,0,0
162639562,60344,56181,null,0,0
162639583,60177,56032,null,0,0
162639621,59901,55785,null,0,0
162639641,59688,55651,null,0,0
162639662,59423,55413,null,0,0
162639682,58911,54943,null,0,0
162639720,58756,54841,null,0,0
162639742,58643,54756,null,0,0
162639761,58516,54638,null,0,0
162639782,58427,54587,null,0,0
162639800,58349,54496,null,0,0
162639839,58019,54234,null,0,0
162639861,57926,54166,null,0,0
162639879,57877,54121,null,0,0
162639898,57814,54056,null,0,0
162639920,57855,54078,null,0,0
162639958,58250,54395,null,0,0
162639977,58379,54555,null,0,0
162639998,58573,54710,null,0,0
162640016,58985,55052,null,0,0
162640037,59184,55231,null,0,0
162640075,59412,55411,null,0,0
162640094,59738,55660,null,0,0
162640117,59983,55869,null,0,0
162640136,60161,55988,null,0,0
162640182,60411,56160,null,0,0
162640205,60483,56246,null,0,0
162640225,60568,56308,null,0,0
162640248,60622,56341,null,0,0
162640285,60663,56368,null,0,0
162640307,60769,56490,null,0,0
162640326,60978,56683,null,0,0
162640347,61094,56744,null,0,0
162640366,61187,56819,null,0,0
162640404,61371,57047,null,0,0
162640425,61520,57104,null,0,0
162640444,61690,57282,null,0,0
162640465,61779,57348,null,0,0
162640483,61863,57403,null,0,0
162640522,62055,57514,null,0,0
162640543,62085,57635,null,0,0
162640561,62164,57701,null,0,0
162640582,62386,57857,null,0,0
162640601,62471,57940,null,0,0
162640639,62577,58063,null,0,0
162640658,62703,58088,null,0,0
162640679,62832,58260,null,0,0
162640698,62778,58198,null,0,0
162640718,62898,58325,null,0,0
162640756,62957,58373,null,0,0
162640775,62997,58408,null,0,0
162640796,63112,58504,null,0,0
162640814,63204,58613,null,0,0
162640835,63270,58656,null,0,0
162640876,63326,58684,null,0,0
162640896,63303,58668,null,0,0
162640923,62555,58010,null,0,0
162640942,61965,57689,null,0,0
162640980,62425,58078,null,0,0
162641002,62533,58113,null,0,0
162641020,62552,58168,null,0,0
162641039,62679,58258,null,0,0
162641060,62756,58348,null,0,0
162641097,62876,58442,null,0,0
162641116,1929,500,null,0,0
162641137,9570,4394,null,0,0
162641156,9497,4378,null,0,0
162641176,10192,4823,null,0,0
162641214,10282,4891,null,0,0
162641234,10235,4859,null,0,0
162641255,10207,4754,null,0,0
162641273,10208,4820,null,0,0
162641294,10280,4886,null,0,0
162641331,55082,50442,null,0,0
162641350,55078,50417,null,0,0
162641371,56088,52650,null,0,0
162641390,56327,52794,null,0,0
162641408,56515,52929,null,0,0
162641446,63009,58492,null,0,0
162641467,63027,58583,null,0,0
162641486,63107,58672,null,0,0
162641506,63230,58720,null,0,0
162641524,63314,58804,null,0,0
162641562,63387,58872,null,0,0
162641583,63479,58958,null,0,0
162641602,63616,59039,null,0,0
162641628,63633,59075,null,0,0
162641673,63748,59238,null,0,0
162641692,63808,59228,null,0,0
162641713,63797,59289,null,0,0
162641731,63920,59359,null,0,0
162641769,63968,59373,null,0,0
162641788,64093,59509,null,0,0
162641809,64149,59530,null,0,0
162641828,64185,59550,null,0,0
162641848,64208,59549,null,0,0
162641886,64188,59503,null,0,0
162641906,64208,59544,null,0,0
162641927,64240,59571,null,0,0
162641946,64565,59802,null,0,0
162641985,64615,59857,null,0,0
162642010,64652,59870,null,0,0
162642029,64647,59910,null,0,0
162642050,64695,59951,null,0,0
162642090,64762,60009,null,0,0
162642109,64878,60112,null,0,0
162642130,64949,60139,null,0,0
162642149,65017,60209,null,0,0
162642188,65055,60275,null,0,0
162642208,65348,60520,null,0,0
162642229,65305,60474,null,0,0
162642249,65340,60525,null,0,0
162642289,65465,60544,null,0,0
162642312,65480,60630,null,0,0
162642333,65492,60628,null,0,0
162642354,65348,60497,null,0,0
162642392,65296,60469,null,0,0
162642412,65327,60534,null,0,0
162642434,65431,60591,null,0,0
162642454,65423,60592,null,0,0
162642500,65438,60626,null,0,0
162642528,65528,60670,null,0,0
162642549,65487,60652,null,0,0
162642572,65464,60616,null,0,0
162642610,65430,60619,null,0,0
162642632,65400,60608,null,0,0
162642657,65421,60598,null,0,0
162642679,65422,60617,null,0,0
162642719,65460,60659,null,0,0
162642739,65447,60654,null,0,0
162642761,65420,60627,null,0,0
162642782,65405,60618,null,0,0
162642824,65388,60611,null,0,0
162642848,65350,60576,null,0,0
162642867,65323,60578,null,0,0
162642892,65358,60601,null,0,0
162642934,65385,60622,null,0,0
162642954,65379,60623,null,0,0
162642975,65385,60633,null,0,0
162642995,65434,60697,null,0,0
162643038,65465,60692,null,0,0
162643058,65480,60727,null,0,0
162643080,65562,60797,null,0,0
162643100,65411,60818,null,0,0
162643140,65374,60800,null,0,0
162643162,65368,60790,null,0,0
162643181,65371,60817,null,0,0
162643204,65438,60818,null,0,0
162643248,65437,60786,null,0,0
162643271,65399,60782,null,0,0
162643303,65449,60800,null,0,0
162643322,65449,60779,null,0,0
162643361,65430,60761,null,0,0
162643383,65343,60725,null,0,0
162643402,65347,60717,null,0,0
162643421,65365,60733,null,0,0
162643441,65438,60793,null,0,0
162643480,65534,60891,null,0,0
162643500,65634,60978,null,0,0
162643522,65717,61018,null,0,0
162643541,65697,61008,null,0,0
162643580,65711,61047,null,0,0
162643602,65737,61046,null,0,0
162643621,65770,61058,null,0,0
162643643,65863,61165,null,0,0
162643682,65906,61192,null,0,0
162643701,65900,61179,null,0,0
162643722,65898,61211,null,0,0
162643741,65867,61191,null,0,0
162643781,65847,61165,null,0,0
162643802,65846,61160,null,0,0
162643823,65881,61209,null,0,0
162643842,65939,61276,null,0,0
162643882,66028,61302,null,0,0
162643904,66067,61364,null,0,0
162643923,66100,61387,null,0,0
162643944,1929,500,null,0,0
162643984,6954,5074,null,0,0
162644004,8535,7595,null,0,0
162644025,8605,7845,null,0,0
162644045,8836,8286,null,0,0
162644090,61520,57104,null,0,0
162644113,68355,63391,null,0,0
162644133,68358,63412,null,0,0
162644161,66145,61401,null,0,0
162644205,66130,61417,null,0,0
162644232,66212,61509,null,0,0
162644253,66299,61577,null,0,0
162644275,66362,61614,null,0,0
162644317,66401,61668,null,0,0
162644337,66468,61715,null,0,0
162644359,66565,61771,null,0,0
162644380,66559,61788,null,0,0
162644426,66583,61829,null,0,0
162644453,66598,61835,null,0,0
162644478,66621,61846,null,0,0
162644502,66642,61908,null,0,0
162644549,66701,61948,null,0,0
162644568,66715,61948,null,0,0
162644588,66733,61952,null,0,0
162644607,66732,61973,null,0,0
162644651,66704,61915,null,0,0
162644671,66680,61924,null,0,0
162644693,66916,62091,null,0,0
162644712,66874,62112,null,0,0
162644751,66942,62156,null,0,0
162644772,67045,62247,null,0,0
162644791,67133,62361,null,0,0
162644812,67198,62397,null,0,0
162644831,67247,62429,null,0,0
162644870,67444,62598,null,0,0
162644894,67509,62665,null,0,0
162644925,67530,62666,null,0,0
162644971,67611,62738,null,0,0
162644993,67610,62779,null,0,0
162645012,67858,62902,null,0,0
162645037,67867,62962,null,0,0
162645074,67931,62973,null,0,0
162645095,67943,62988,null,0,0
162645114,68032,63071,null,0,0
162645135,68077,63125,null,0,0
162645154,68040,63132,null,0,0
162645192,68124,63144,null,0,0
162645214,68103,63130,null,0,0
162645233,68139,63193,null,0,0
162645254,68140,63178,null,0,0
162645273,68134,63180,null,0,0
162645311,68111,63193,null,0,0
162645333,68114,63123,null,0,0
162645351,68067,63117,null,0,0
162645372,68129,63203,null,0,0
162645390,68168,63180,null,0,0
162645428,68160,63179,null,0,0
162645447,68149,63228,null,0,0
162645468,68161,63209,null,0,0
162645486,68173,63202,null,0,0
162645507,68229,63305,null,0,0
162645545,68270,63276,null,0,0
162645565,68283,63302,null,0,0
162645586,68290,63313,null,0,0
162645605,68266,63299,null,0,0
162645643,68289,63336,null,0,0
162645671,68307,63335,null,0,0
162645698,68297,63353,null,0,0
162645751,68379,63379,null,0,0
162645773,68361,63377,null,0,0
162645792,68347,63364,null,0,0
162645813,68337,63387,null,0,0
162645831,68318,63383,null,0,0
162645870,68320,63364,null,0,0
162645889,68284,63373,null,0,0
162645911,68342,63404,null,0,0
162645930,68340,63335,null,0,0
162645951,68267,63350,null,0,0
162645989,68301,63370,null,0,0
162646008,68330,63326,null,0,0
162646028,68298,63380,null,0,0
162646047,68289,63379,null,0,0
162646068,68280,63328,null,0,0
162646105,68323,63406,null,0,0
162646124,68326,63393,null,0,0
162646145,68309,63370,null,0,0
162646163,68344,63429,null,0,0
162646184,68396,63456,null,0,0
162646221,68398,63478,null,0,0
162646240,68400,63483,null,0,0
162646259,68416,63482,null,0,0
162646279,68363,63442,null,0,0
162646298,68355,63391,null,0,0
162646335,68358,63412,null,0,0
162646356,68355,63360,null,0,0
162646375,68322,63347,null,0,0
162646395,68305,63331,null,0,0
162646414,68281,63311,null,0,0
162646467,68264,63287,null,0,0
162646504,68344,63345,null,0,0
162646523,68334,63364,null,0,0
162646561,68384,63405,null,0,0
162646582,68438,63409,null,0,0
162646600,68374,63422,null,0,0
162646621,68470,63522,null,0,0
162646639,68511,63526,null,0,0
162646677,1929,500,null,0,0
162646696,55969,52377,null,0,0
162646716,55872,52295,null,0,0
162646735,65371,60817,null,0,0
162646755,65438,60818,null,0,0
162646793,67867,62962,null,0,0
162646812,67931,62973,null,0,0
162646832,68476,63589,null,0,0
162646850,68508,63552,null,0,0
162646871,68510,63552,null,0,0
162646908,68561,63591,null,0,0
162646927,68636,63646,null,0,0
162646947,68630,63643,null,0,0
162646966,68685,63751,null,0,0
162646986,68654,63700,null,0,0
162647022,68661,63685,null,0,0
162647043,68630,63692,null,0,0
162647062,68668,63713,null,0,0